palavra,divisao_list,divisao,categoria,fonetica_list,fonetica,tonica_num,tonica,antepenultima,penultima,ultima
já,['já'],já,advérbio,['ʒˈa'],ʒˈa,1,ultima,,,ʒˈa
já,['já'],já,conjunção,['ʒˈa'],ʒˈa,1,ultima,,,ʒˈa
jabiru,"['ja', 'bi', 'ru']",ja·bi·ru,nome masculino,"['ʒa', 'bi', 'ɾˈu']",ʒa.bi.ɾˈu,1,ultima,ʒa,bi,ɾˈu
jabuti,"['ja', 'bu', 'ti']",ja·bu·ti,nome masculino,"['ʒa', 'bu', 'tʃˈi']",ʒa.bu.tʃˈi,1,ultima,ʒa,bu,tʃˈi
jaca,"['ja', 'ca']",ja·ca,nome masculino,"['ʒˈa', 'kɐ']",ʒˈa.kɐ,2,penultima,,ʒˈa,kɐ
jaca,"['ja', 'ca']",ja·ca,nome feminino,"['ʒˈa', 'kɐ']",ʒˈa.kɐ,2,penultima,,ʒˈa,kɐ
jacarandá,"['ja', 'ca', 'ran', 'dá']",ja·ca·ran·dá,nome masculino,"['ʒa', 'ka', 'ɾɐ̃', 'dˈa']",ʒa.ka.ɾɐ̃.dˈa,1,ultima,ka,ɾɐ̃,dˈa
jacaré,"['ja', 'ca', 'ré']",ja·ca·ré,nome masculino,"['ʒa', 'ka', 'ɾˈɛ']",ʒa.ka.ɾˈɛ,1,ultima,ʒa,ka,ɾˈɛ
jacente,"['ja', 'cen', 'te']",ja·cen·te,adjetivo,"['ʒa', 'sˈẽ', 'tʃɪ']",ʒa.sˈẽ.tʃɪ,2,penultima,ʒa,sˈẽ,tʃɪ
jacente,"['ja', 'cen', 'te']",ja·cen·te,nome masculino,"['ʒa', 'sˈẽ', 'tʃɪ']",ʒa.sˈẽ.tʃɪ,2,penultima,ʒa,sˈẽ,tʃɪ
jacinto,"['ja', 'cin', 'to']",ja·cin·to,nome masculino,"['ʒa', 'sˈĩ', 'tʊ']",ʒa.sˈĩ.tʊ,2,penultima,ʒa,sˈĩ,tʊ
jackpot,"['jack', 'pot']",jack·pot,nome masculino,[''],,1,ultima,,,
jacobeia,"['ja', 'co', 'bei', 'a']",ja·co·bei·a,nome feminino,"['ʒa', 'ko', 'bˈej', 'ɐ']",ʒa.ko.bˈej.ɐ,2,penultima,ko,bˈej,ɐ
jacobeu,"['ja', 'co', 'beu']",ja·co·beu,nome masculino,"['ʒa', 'ko', 'bˈew']",ʒa.ko.bˈew,1,ultima,ʒa,ko,bˈew
jacobinamente,"['ja', 'co', 'bi', 'na', 'men', 'te']",ja·co·bi·na·men·te,advérbio,"['ʒa', 'ko', 'bĩ', 'nã', 'mˈẽ', 'tʃɪ']",ʒa.ko.bĩ.nã.mˈẽ.tʃɪ,2,penultima,nã,mˈẽ,tʃɪ
jacobinismo,"['ja', 'co', 'bi', 'nis', 'mo']",ja·co·bi·nis·mo,nome masculino,"['ʒa', 'ko', 'bĩ', 'nˈiʒ', 'mʊ']",ʒa.ko.bĩ.nˈiʒ.mʊ,2,penultima,bĩ,nˈiʒ,mʊ
jacobino,"['ja', 'co', 'bi', 'no']",ja·co·bi·no,nome masculino,"['ʒa', 'ko', 'bˈĩ', 'nʊ']",ʒa.ko.bˈĩ.nʊ,2,penultima,ko,bˈĩ,nʊ
jacobino,"['ja', 'co', 'bi', 'no']",ja·co·bi·no,adjetivo,"['ʒa', 'ko', 'bˈĩ', 'nʊ']",ʒa.ko.bˈĩ.nʊ,2,penultima,ko,bˈĩ,nʊ
jactância,"['jac', 'tân', 'ci', 'a']",jac·tân·ci·a,nome feminino,"['ʒa', 'kə', 'tˈɐ̃', 'sjɐ']",ʒa.kə.tˈɐ̃.sjɐ,3,antepenultima,kə,tˈɐ̃,sjɐ
jactar,"['jac', 'tar']",jac·tar,verbo,"['ʒa', 'kə', 'tˈa']",ʒa.kə.tˈa,1,ultima,ʒa,kə,tˈa
jacto,"['jac', 'to']",jac·to,nome masculino,"['ʒˈa', 'kə', 'tʊ']",ʒˈa.kə.tʊ,2,penultima,ʒˈa,kə,tʊ
jaculatória,"['ja', 'cu', 'la', 'tó', 'ri', 'a']",ja·cu·la·tó·ri·a,nome feminino,"['ʒa', 'ku', 'la', 'tˈɔ', 'ɾjɐ']",ʒa.ku.la.tˈɔ.ɾjɐ,3,antepenultima,la,tˈɔ,ɾjɐ
jaculatório,"['ja', 'cu', 'la', 'tó', 'ri', 'o']",ja·cu·la·tó·ri·o,adjetivo,"['ʒa', 'ku', 'la', 'tˈɔ', 'ɾjʊ']",ʒa.ku.la.tˈɔ.ɾjʊ,3,antepenultima,la,tˈɔ,ɾjʊ
jacutinga,"['ja', 'cu', 'tin', 'ga']",ja·cu·tin·ga,nome feminino,"['ʒa', 'ku', 'tʃˈĩ', 'gɐ']",ʒa.ku.tʃˈĩ.gɐ,2,penultima,ku,tʃˈĩ,gɐ
jacuzzi,"['ja', 'cuz', 'zi']",ja·cuz·zi,nome masculino,[''],,2,penultima,,,
jade,"['ja', 'de']",ja·de,nome masculino,"['ʒˈa', 'dʒɪ']",ʒˈa.dʒɪ,2,penultima,,ʒˈa,dʒɪ
jaez,"['ja', 'ez']",ja·ez,nome masculino,"['ʒa', 'ˈeʃ']",ʒa.ˈeʃ,1,ultima,,ʒa,ˈeʃ
jaga,"['ja', 'ga']",ja·ga,nome masculino,"['ʒˈa', 'gɐ ou ʒˈa', 'gɐ']",ʒˈa.gɐ ou ʒˈa.gɐ,2,penultima,ʒˈa,gɐ ou ʒˈa,gɐ
jaga,"['ja', 'ga']",ja·ga,adjetivo,"['ʒˈa', 'gɐ']",ʒˈa.gɐ,2,penultima,,ʒˈa,gɐ
jagra,"['ja', 'gra']",ja·gra,nome feminino,"['ʒˈa', 'gɾɐ']",ʒˈa.gɾɐ,2,penultima,,ʒˈa,gɾɐ
jaguar,"['ja', 'guar']",ja·guar,nome masculino,"['ʒa', 'gwˈa']",ʒa.gwˈa,1,ultima,,ʒa,gwˈa
jagunço,"['ja', 'gun', 'ço']",ja·gun·ço,nome masculino,"['ʒa', 'gˈũ', 'sʊ']",ʒa.gˈũ.sʊ,2,penultima,ʒa,gˈũ,sʊ
jainismo,"['jai', 'nis', 'mo']",jai·nis·mo,nome masculino,"['ʒãj', 'nˈiʒ', 'mʊ']",ʒãj.nˈiʒ.mʊ,2,penultima,ʒãj,nˈiʒ,mʊ
jainista,"['jai', 'nis', 'ta']",jai·nis·ta,adjetivo,"['ʒãj', 'nˈiʃ', 'tɐ']",ʒãj.nˈiʃ.tɐ,2,penultima,ʒãj,nˈiʃ,tɐ
jainista,"['jai', 'nis', 'ta']",jai·nis·ta,nome masculino,"['ʒãj', 'nˈiʃ', 'tɐ']",ʒãj.nˈiʃ.tɐ,2,penultima,ʒãj,nˈiʃ,tɐ
jainista,"['jai', 'nis', 'ta']",jai·nis·ta,nome feminino,"['ʒãj', 'nˈiʃ', 'tɐ']",ʒãj.nˈiʃ.tɐ,2,penultima,ʒãj,nˈiʃ,tɐ
jalde,"['jal', 'de']",jal·de,adjetivo,"['ʒˈaw', 'dʒɪ']",ʒˈaw.dʒɪ,2,penultima,,ʒˈaw,dʒɪ
jaleca,"['ja', 'le', 'ca']",ja·le·ca,nome feminino,"['ʒa', 'lˈɛ', 'kɐ']",ʒa.lˈɛ.kɐ,2,penultima,ʒa,lˈɛ,kɐ
jaleco,"['ja', 'le', 'co']",ja·le·co,nome masculino,"['ʒa', 'lˈɛ', 'kʊ']",ʒa.lˈɛ.kʊ,2,penultima,ʒa,lˈɛ,kʊ
jam-session,"['jam', 'ses', 'sion']",jam-ses·sion,nome feminino,[''],,2,penultima,,,
jamaicana,"['ja', 'mai', 'ca', 'na']",ja·mai·ca·na,nome feminino,"['ʒã', 'maj', 'kˈɐ̃', 'nɐ']",ʒã.maj.kˈɐ̃.nɐ,2,penultima,maj,kˈɐ̃,nɐ
jamaicano,"['ja', 'mai', 'ca', 'no']",ja·mai·ca·no,adjetivo,"['ʒã', 'maj', 'kˈɐ̃', 'nʊ']",ʒã.maj.kˈɐ̃.nʊ,2,penultima,maj,kˈɐ̃,nʊ
jamaicano,"['ja', 'mai', 'ca', 'no']",ja·mai·ca·no,nome masculino,"['ʒã', 'maj', 'kˈɐ̃', 'nʊ']",ʒã.maj.kˈɐ̃.nʊ,2,penultima,maj,kˈɐ̃,nʊ
jamais,"['ja', 'mais']",ja·mais,advérbio,"['ʒã', 'mˈajʃ']",ʒã.mˈajʃ,1,ultima,,ʒã,mˈajʃ
jamba,"['jam', 'ba']",jam·ba,nome masculino,"['ʒˈɐ̃', 'bɐ']",ʒˈɐ̃.bɐ,2,penultima,,ʒˈɐ̃,bɐ
jamba,"['jam', 'ba']",jam·ba,nome feminino,"['ʒˈɐ̃', 'bɐ']",ʒˈɐ̃.bɐ,2,penultima,,ʒˈɐ̃,bɐ
jambi,"['jam', 'bi']",jam·bi,nome masculino,"['ʒɐ̃', 'bˈi']",ʒɐ̃.bˈi,1,ultima,,ʒɐ̃,bˈi
jambo,"['jam', 'bo']",jam·bo,nome masculino,"['ʒˈɐ̃', 'bʊ']",ʒˈɐ̃.bʊ,2,penultima,,ʒˈɐ̃,bʊ
jamboree,"['jam', 'bo', 'ree']",jam·bo·ree,nome masculino,[''],,1,ultima,,,
janar,"['ja', 'nar']",ja·nar,verbo,"['ʒã', 'nˈa']",ʒã.nˈa,1,ultima,,ʒã,nˈa
janda,"['jan', 'da']",jan·da,nome feminino,"['ʒˈɐ̃', 'dɐ']",ʒˈɐ̃.dɐ,2,penultima,,ʒˈɐ̃,dɐ
janeirada,"['ja', 'nei', 'ra', 'da']",ja·nei·ra·da,nome feminino,"['ʒã', 'nej', 'ɾˈa', 'dɐ']",ʒã.nej.ɾˈa.dɐ,2,penultima,nej,ɾˈa,dɐ
janeiras,"['ja', 'nei', 'ras']",ja·nei·ras,nome feminino,"['ʒã', 'nˈej', 'ɾɐʃ']",ʒã.nˈej.ɾɐʃ,2,penultima,ʒã,nˈej,ɾɐʃ
janeireiro,"['ja', 'nei', 'rei', 'ro']",ja·nei·rei·ro,nome masculino,"['ʒã', 'nej', 'ɾˈej', 'ɾʊ']",ʒã.nej.ɾˈej.ɾʊ,2,penultima,nej,ɾˈej,ɾʊ
janeireiro,"['ja', 'nei', 'rei', 'ro']",ja·nei·rei·ro,adjetivo,"['ʒã', 'nej', 'ɾˈej', 'ɾʊ']",ʒã.nej.ɾˈej.ɾʊ,2,penultima,nej,ɾˈej,ɾʊ
janeirinha,"['ja', 'nei', 'ri', 'nha']",ja·nei·ri·nha,nome feminino,"['ʒã', 'nej', 'ɾˈĩ', 'ɲɐ']",ʒã.nej.ɾˈĩ.ɲɐ,2,penultima,nej,ɾˈĩ,ɲɐ
janeirinho,"['ja', 'nei', 'ri', 'nho']",ja·nei·ri·nho,adjetivo,"['ʒã', 'nej', 'ɾˈĩ', 'ɲʊ']",ʒã.nej.ɾˈĩ.ɲʊ,2,penultima,nej,ɾˈĩ,ɲʊ
janeiros,"['ja', 'nei', 'ros']",ja·nei·ros,nome masculino,"['ʒã', 'nˈej', 'ɾʊʃ']",ʒã.nˈej.ɾʊʃ,2,penultima,ʒã,nˈej,ɾʊʃ
janela,"['ja', 'ne', 'la']",ja·ne·la,nome feminino,"['ʒã', 'nˈɛ', 'lɐ']",ʒã.nˈɛ.lɐ,2,penultima,ʒã,nˈɛ,lɐ
janelar,"['ja', 'ne', 'lar']",ja·ne·lar,verbo,"['ʒã', 'ne', 'lˈa']",ʒã.ne.lˈa,1,ultima,ʒã,ne,lˈa
janelinha,"['ja', 'ne', 'li', 'nha']",ja·ne·li·nha,nome feminino,"['ʒã', 'ne', 'lˈĩ', 'ɲɐ']",ʒã.ne.lˈĩ.ɲɐ,2,penultima,ne,lˈĩ,ɲɐ
janelo,"['ja', 'ne', 'lo']",ja·ne·lo,nome masculino,"['ʒã', 'nˈe', 'lʊ']",ʒã.nˈe.lʊ,2,penultima,ʒã,nˈe,lʊ
jangada,"['jan', 'ga', 'da']",jan·ga·da,nome feminino,"['ʒɐ̃', 'gˈa', 'dɐ']",ʒɐ̃.gˈa.dɐ,2,penultima,ʒɐ̃,gˈa,dɐ
jangadeiro,"['jan', 'ga', 'dei', 'ro']",jan·ga·dei·ro,nome masculino,"['ʒɐ̃', 'ga', 'dˈej', 'ɾʊ']",ʒɐ̃.ga.dˈej.ɾʊ,2,penultima,ga,dˈej,ɾʊ
jango,"['jan', 'go']",jan·go,nome masculino,"['ʒˈɐ̃', 'gʊ']",ʒˈɐ̃.gʊ,2,penultima,,ʒˈɐ̃,gʊ
janízaro,"['ja', 'ní', 'za', 'ro']",ja·ní·za·ro,nome masculino,"['ʒã', 'nˈi', 'za', 'ɾʊ']",ʒã.nˈi.za.ɾʊ,3,antepenultima,nˈi,za,ɾʊ
janota,"['ja', 'no', 'ta']",ja·no·ta,nome masculino,"['ʒã', 'nˈɔ', 'tɐ']",ʒã.nˈɔ.tɐ,2,penultima,ʒã,nˈɔ,tɐ
janota,"['ja', 'no', 'ta']",ja·no·ta,adjetivo,"['ʒã', 'nˈɔ', 'tɐ']",ʒã.nˈɔ.tɐ,2,penultima,ʒã,nˈɔ,tɐ
janota,"['ja', 'no', 'ta']",ja·no·ta,nome feminino,"['ʒã', 'nˈɔ', 'tɐ']",ʒã.nˈɔ.tɐ,2,penultima,ʒã,nˈɔ,tɐ
janotar,"['ja', 'no', 'tar']",ja·no·tar,verbo,"['ʒã', 'no', 'tˈa']",ʒã.no.tˈa,1,ultima,ʒã,no,tˈa
jansenismo,"['jan', 'se', 'nis', 'mo']",jan·se·nis·mo,nome masculino,"['ʒɐ̃', 'sẽ', 'nˈiʒ', 'mʊ']",ʒɐ̃.sẽ.nˈiʒ.mʊ,2,penultima,sẽ,nˈiʒ,mʊ
jansenista,"['jan', 'se', 'nis', 'ta']",jan·se·nis·ta,nome masculino,"['ʒɐ̃', 'sẽ', 'nˈiʃ', 'tɐ']",ʒɐ̃.sẽ.nˈiʃ.tɐ,2,penultima,sẽ,nˈiʃ,tɐ
jansenista,"['jan', 'se', 'nis', 'ta']",jan·se·nis·ta,adjetivo,"['ʒɐ̃', 'sẽ', 'nˈiʃ', 'tɐ']",ʒɐ̃.sẽ.nˈiʃ.tɐ,2,penultima,sẽ,nˈiʃ,tɐ
jansenista,"['jan', 'se', 'nis', 'ta']",jan·se·nis·ta,nome feminino,"['ʒɐ̃', 'sẽ', 'nˈiʃ', 'tɐ']",ʒɐ̃.sẽ.nˈiʃ.tɐ,2,penultima,sẽ,nˈiʃ,tɐ
janta,"['jan', 'ta']",jan·ta,nome feminino,"['ʒˈɐ̃', 'tɐ']",ʒˈɐ̃.tɐ,2,penultima,,ʒˈɐ̃,tɐ
jantado,"['jan', 'ta', 'do']",jan·ta·do,adjetivo,"['ʒɐ̃', 'tˈa', 'dʊ']",ʒɐ̃.tˈa.dʊ,2,penultima,ʒɐ̃,tˈa,dʊ
jantar,"['jan', 'tar']",jan·tar,verbo,"['ʒɐ̃', 'tˈa']",ʒɐ̃.tˈa,1,ultima,,ʒɐ̃,tˈa
jantar,"['jan', 'tar']",jan·tar,nome masculino,"['ʒɐ̃', 'tˈa']",ʒɐ̃.tˈa,1,ultima,,ʒɐ̃,tˈa
jantar-comício,"['jan', 'tar', 'co', 'mí', 'ci', 'o']",jan·tar-co·mí·ci·o,nome masculino,"['ʒɐ̃', 'tˌaɾ', 'kõ', 'mˈi', 'sjʊ']",ʒɐ̃.tˌaɾ.kõ.mˈi.sjʊ,3,antepenultima,kõ,mˈi,sjʊ
jantarada,"['jan', 'ta', 'ra', 'da']",jan·ta·ra·da,nome feminino,"['ʒɐ̃', 'ta', 'ɾˈa', 'dɐ']",ʒɐ̃.ta.ɾˈa.dɐ,2,penultima,ta,ɾˈa,dɐ
jantarão,"['jan', 'ta', 'rão']",jan·ta·rão,nome masculino,"['ʒɐ̃', 'ta', 'ɾˈɐ̃w']",ʒɐ̃.ta.ɾˈɐ̃w,1,ultima,ʒɐ̃,ta,ɾˈɐ̃w
jante,"['jan', 'te']",jan·te,nome feminino,"['ʒˈɐ̃', 'tʃɪ']",ʒˈɐ̃.tʃɪ,2,penultima,,ʒˈɐ̃,tʃɪ
januário,"['ja', 'nu', 'á', 'ri', 'o']",ja·nu·á·ri·o,nome masculino,"['ʒã', 'nu', 'ˈa', 'ɾjʊ']",ʒã.nu.ˈa.ɾjʊ,3,antepenultima,nu,ˈa,ɾjʊ
japão,"['ja', 'pão']",ja·pão,nome masculino,"['ʒa', 'pˈɐ̃w']",ʒa.pˈɐ̃w,1,ultima,,ʒa,pˈɐ̃w
japão,"['ja', 'pão']",ja·pão,adjetivo,"['ʒa', 'pˈɐ̃w']",ʒa.pˈɐ̃w,1,ultima,,ʒa,pˈɐ̃w
japoneira,"['ja', 'po', 'nei', 'ra']",ja·po·nei·ra,nome feminino,"['ʒa', 'põ', 'nˈej', 'ɾɐ']",ʒa.põ.nˈej.ɾɐ,2,penultima,põ,nˈej,ɾɐ
japonense,"['ja', 'po', 'nen', 'se']",ja·po·nen·se,adjetivo,"['ʒa', 'põ', 'nˈẽ', 'sɪ']",ʒa.põ.nˈẽ.sɪ,2,penultima,põ,nˈẽ,sɪ
japonês,"['ja', 'po', 'nês']",ja·po·nês,adjetivo,"['ʒa', 'põ', 'nˈeʃ']",ʒa.põ.nˈeʃ,1,ultima,ʒa,põ,nˈeʃ
japonês,"['ja', 'po', 'nês']",ja·po·nês,nome masculino,"['ʒa', 'põ', 'nˈeʃ']",ʒa.põ.nˈeʃ,1,ultima,ʒa,põ,nˈeʃ
japonesa,"['ja', 'po', 'ne', 'sa']",ja·po·ne·sa,nome feminino,"['ʒa', 'põ', 'nˈe', 'zɐ']",ʒa.põ.nˈe.zɐ,2,penultima,põ,nˈe,zɐ
japonesar,"['ja', 'po', 'ne', 'sar']",ja·po·ne·sar,verbo,"['ʒa', 'põ', 'ne', 'zˈa']",ʒa.põ.ne.zˈa,1,ultima,põ,ne,zˈa
japonicamente,"['ja', 'po', 'ni', 'ca', 'men', 'te']",ja·po·ni·ca·men·te,advérbio,"['ʒa', 'pɔ̃', 'ni', 'kã', 'mˈẽ', 'tʃɪ']",ʒa.pɔ̃.ni.kã.mˈẽ.tʃɪ,2,penultima,kã,mˈẽ,tʃɪ
japónico,"['ja', 'pó', 'ni', 'co']",ja·pó·ni·co,adjetivo,"['ʒa', 'pˈɔ̃', 'ni', 'kʊ']",ʒa.pˈɔ̃.ni.kʊ,3,antepenultima,pˈɔ̃,ni,kʊ
japonismo,"['ja', 'po', 'nis', 'mo']",ja·po·nis·mo,nome masculino,"['ʒa', 'põ', 'nˈiʒ', 'mʊ']",ʒa.põ.nˈiʒ.mʊ,2,penultima,põ,nˈiʒ,mʊ
japonização,"['ja', 'po', 'ni', 'za', 'ção']",ja·po·ni·za·ção,nome feminino,"['ʒa', 'põ', 'ni', 'za', 'sˈɐ̃w']",ʒa.põ.ni.za.sˈɐ̃w,1,ultima,ni,za,sˈɐ̃w
jaque,"['ja', 'que']",ja·que,nome masculino,"['ʒˈa', 'kɪ']",ʒˈa.kɪ,2,penultima,,ʒˈa,kɪ
jaqueta,"['ja', 'que', 'ta']",ja·que·ta,nome feminino,"['ʒa', 'kˈe', 'tɐ']",ʒa.kˈe.tɐ,2,penultima,ʒa,kˈe,tɐ
jaqueta,"['ja', 'que', 'ta']",ja·que·ta,nome masculino,"['ʒa', 'kˈe', 'tɐ']",ʒa.kˈe.tɐ,2,penultima,ʒa,kˈe,tɐ
jaquetão,"['ja', 'que', 'tão']",ja·que·tão,nome masculino,"['ʒa', 'ke', 'tˈɐ̃w']",ʒa.ke.tˈɐ̃w,1,ultima,ʒa,ke,tˈɐ̃w
jaquinzinho,"['ja', 'quin', 'zi', 'nho']",ja·quin·zi·nho,nome masculino,"['ʒa', 'kĩ', 'zˈĩ', 'ɲʊ']",ʒa.kĩ.zˈĩ.ɲʊ,2,penultima,kĩ,zˈĩ,ɲʊ
jarda,"['jar', 'da']",jar·da,nome feminino,"['ʒˈaɦ', 'dɐ']",ʒˈaɦ.dɐ,2,penultima,,ʒˈaɦ,dɐ
jardim,"['jar', 'dim']",jar·dim,nome masculino,"['ʒaɦ', 'dʒˈĩ']",ʒaɦ.dʒˈĩ,1,ultima,,ʒaɦ,dʒˈĩ
jardim de infância,"['jar', 'dim de in', 'fân', 'ci', 'a']",jar·dim de in·fân·ci·a,nome masculino,"['ʒaɦ', 'dʒˌĩ', 'dʒi', 'ĩ', 'fˈɐ̃', 'sjɐ']",ʒaɦ.dʒˌĩ.dʒi.ĩ.fˈɐ̃.sjɐ,2,penultima,ĩ,fˈɐ̃,sjɐ
jardim-escola,"['jar', 'dim', 'es', 'co', 'la']",jar·dim-es·co·la,nome masculino,"['ʒaɦ', 'dʒˌĩ', 'iʃ', 'kˈɔ', 'lɐ']",ʒaɦ.dʒˌĩ.iʃ.kˈɔ.lɐ,2,penultima,iʃ,kˈɔ,lɐ
jardinagem,"['jar', 'di', 'na', 'gem']",jar·di·na·gem,nome feminino,"['ʒaɦ', 'dʒĩ', 'nˈa', 'ʒẽj']",ʒaɦ.dʒĩ.nˈa.ʒẽj,2,penultima,dʒĩ,nˈa,ʒẽj
jardinar,"['jar', 'di', 'nar']",jar·di·nar,verbo,"['ʒaɦ', 'dʒĩ', 'nˈa']",ʒaɦ.dʒĩ.nˈa,1,ultima,ʒaɦ,dʒĩ,nˈa
jardineira,"['jar', 'di', 'nei', 'ra']",jar·di·nei·ra,nome feminino,"['ʒaɦ', 'dʒĩ', 'nˈej', 'ɾɐ']",ʒaɦ.dʒĩ.nˈej.ɾɐ,2,penultima,dʒĩ,nˈej,ɾɐ
jardineiro,"['jar', 'di', 'nei', 'ro']",jar·di·nei·ro,nome masculino,"['ʒaɦ', 'dʒĩ', 'nˈej', 'ɾʊ']",ʒaɦ.dʒĩ.nˈej.ɾʊ,2,penultima,dʒĩ,nˈej,ɾʊ
jardineiro,"['jar', 'di', 'nei', 'ro']",jar·di·nei·ro,adjetivo,"['ʒaɦ', 'dʒĩ', 'nˈej', 'ɾʊ']",ʒaɦ.dʒĩ.nˈej.ɾʊ,2,penultima,dʒĩ,nˈej,ɾʊ
jardinista,"['jar', 'di', 'nis', 'ta']",jar·di·nis·ta,nome masculino,"['ʒaɦ', 'dʒĩ', 'nˈiʃ', 'tɐ']",ʒaɦ.dʒĩ.nˈiʃ.tɐ,2,penultima,dʒĩ,nˈiʃ,tɐ
jardinista,"['jar', 'di', 'nis', 'ta']",jar·di·nis·ta,nome feminino,"['ʒaɦ', 'dʒĩ', 'nˈiʃ', 'tɐ']",ʒaɦ.dʒĩ.nˈiʃ.tɐ,2,penultima,dʒĩ,nˈiʃ,tɐ
jargão,"['jar', 'gão']",jar·gão,nome masculino,"['ʒaɦ', 'gˈɐ̃w']",ʒaɦ.gˈɐ̃w,1,ultima,,ʒaɦ,gˈɐ̃w
jaro,"['ja', 'ro']",ja·ro,nome masculino,"['ʒˈa', 'ɾʊ']",ʒˈa.ɾʊ,2,penultima,,ʒˈa,ɾʊ
jarra,"['jar', 'ra']",jar·ra,nome feminino,"['ʒˈa', 'ɦɐ']",ʒˈa.ɦɐ,2,penultima,,ʒˈa,ɦɐ
jarra,"['jar', 'ra']",jar·ra,nome masculino,"['ʒˈa', 'ɦɐ']",ʒˈa.ɦɐ,2,penultima,,ʒˈa,ɦɐ
jarrão,"['jar', 'rão']",jar·rão,nome masculino,"['ʒa', 'ɦˈɐ̃w']",ʒa.ɦˈɐ̃w,1,ultima,,ʒa,ɦˈɐ̃w
jarreta,"['jar', 're', 'ta']",jar·re·ta,nome masculino,"['ʒa', 'ɦˈe', 'tɐ ou ʒa', 'ɦˈe', 'tɐ']",ʒa.ɦˈe.tɐ ou ʒa.ɦˈe.tɐ,2,penultima,tɐ ou ʒa,ɦˈe,tɐ
jarreta,"['jar', 're', 'ta']",jar·re·ta,adjetivo,"['ʒa', 'ɦˈe', 'tɐ']",ʒa.ɦˈe.tɐ,2,penultima,ʒa,ɦˈe,tɐ
jarretar,"['jar', 're', 'tar']",jar·re·tar,verbo,"['ʒa', 'ɦe', 'tˈa']",ʒa.ɦe.tˈa,1,ultima,ʒa,ɦe,tˈa
jarrete,"['jar', 're', 'te']",jar·re·te,nome masculino,"['ʒa', 'ɦˈe', 'tʃɪ']",ʒa.ɦˈe.tʃɪ,2,penultima,ʒa,ɦˈe,tʃɪ
jarreteira,"['jar', 're', 'tei', 'ra']",jar·re·tei·ra,nome feminino,"['ʒa', 'ɦe', 'tˈej', 'ɾɐ']",ʒa.ɦe.tˈej.ɾɐ,2,penultima,ɦe,tˈej,ɾɐ
jarrinha,"['jar', 'ri', 'nha']",jar·ri·nha,nome feminino,"['ʒa', 'ɦˈĩ', 'ɲɐ']",ʒa.ɦˈĩ.ɲɐ,2,penultima,ʒa,ɦˈĩ,ɲɐ
jarro,"['jar', 'ro']",jar·ro,nome masculino,"['ʒˈa', 'ɦʊ']",ʒˈa.ɦʊ,2,penultima,,ʒˈa,ɦʊ
jasmim,"['jas', 'mim']",jas·mim,nome masculino,"['ʒaʒ', 'mˈĩ']",ʒaʒ.mˈĩ,1,ultima,,ʒaʒ,mˈĩ
jaspe,"['jas', 'pe']",jas·pe,nome masculino,"['ʒˈaʃ', 'pɪ']",ʒˈaʃ.pɪ,2,penultima,,ʒˈaʃ,pɪ
jataí,"['ja', 'ta', 'í']",ja·ta·í,nome feminino,"['ʒa', 'ta', 'ˈi ou ʒa', 'ta', 'ˈi']",ʒa.ta.ˈi ou ʒa.ta.ˈi,1,ultima,ˈi ou ʒa,ta,ˈi
jato,"['ja', 'to']",ja·to,nome masculino,"['ʒˈa', 'tʊ']",ʒˈa.tʊ,2,penultima,,ʒˈa,tʊ
jato,"['ja', 'to']",ja·to,nome feminino,"['ʒˈa', 'tʊ']",ʒˈa.tʊ,2,penultima,,ʒˈa,tʊ
jaú,"['ja', 'ú']",ja·ú,nome masculino,"['ʒa', 'ˈʊ']",ʒa.ˈʊ,1,ultima,,ʒa,ˈʊ
jau,['jau'],jau,adjetivo,['ʒˈaw'],ʒˈaw,1,ultima,,,ʒˈaw
jau,['jau'],jau,nome masculino,['ʒˈaw'],ʒˈaw,1,ultima,,,ʒˈaw
jau,['jau'],jau,nome feminino,['ʒˈaw'],ʒˈaw,1,ultima,,,ʒˈaw
jaula,"['jau', 'la']",jau·la,nome feminino,"['ʒˈaw', 'lɐ']",ʒˈaw.lɐ,2,penultima,,ʒˈaw,lɐ
java,"['ja', 'va']",ja·va,nome feminino,"['ʒˈa', 'vɐ']",ʒˈa.vɐ,2,penultima,,ʒˈa,vɐ
java,"['ja', 'va']",ja·va,nome masculino,"['ʒˈa', 'vɐ']",ʒˈa.vɐ,2,penultima,,ʒˈa,vɐ
javali,"['ja', 'va', 'li']",ja·va·li,nome masculino,"['ʒa', 'va', 'lˈi']",ʒa.va.lˈi,1,ultima,ʒa,va,lˈi
javanês,"['ja', 'va', 'nês']",ja·va·nês,nome masculino,"['ʒa', 'vã', 'nˈeʃ']",ʒa.vã.nˈeʃ,1,ultima,ʒa,vã,nˈeʃ
javanês,"['ja', 'va', 'nês']",ja·va·nês,adjetivo,"['ʒa', 'vã', 'nˈeʃ']",ʒa.vã.nˈeʃ,1,ultima,ʒa,vã,nˈeʃ
javanesa,"['ja', 'va', 'ne', 'sa']",ja·va·ne·sa,nome feminino,"['ʒa', 'vã', 'nˈe', 'zɐ']",ʒa.vã.nˈe.zɐ,2,penultima,vã,nˈe,zɐ
javarda,"['ja', 'var', 'da']",ja·var·da,nome feminino,"['ʒa', 'vˈaɦ', 'dɐ']",ʒa.vˈaɦ.dɐ,2,penultima,ʒa,vˈaɦ,dɐ
javardice,"['ja', 'var', 'di', 'ce']",ja·var·di·ce,nome feminino,"['ʒa', 'vaɦ', 'dʒˈi', 'sɪ']",ʒa.vaɦ.dʒˈi.sɪ,2,penultima,vaɦ,dʒˈi,sɪ
javardo,"['ja', 'var', 'do']",ja·var·do,nome masculino,"['ʒa', 'vˈaɦ', 'dʊ']",ʒa.vˈaɦ.dʊ,2,penultima,ʒa,vˈaɦ,dʊ
javardo,"['ja', 'var', 'do']",ja·var·do,adjetivo,"['ʒa', 'vˈaɦ', 'dʊ']",ʒa.vˈaɦ.dʊ,2,penultima,ʒa,vˈaɦ,dʊ
javari,"['ja', 'va', 'ri']",ja·va·ri,nome masculino,"['ʒa', 'va', 'ɾˈi']",ʒa.va.ɾˈi,1,ultima,ʒa,va,ɾˈi
jazente,"['ja', 'zen', 'te']",ja·zen·te,adjetivo,"['ʒa', 'zˈẽ', 'tʃɪ']",ʒa.zˈẽ.tʃɪ,2,penultima,ʒa,zˈẽ,tʃɪ
jazente,"['ja', 'zen', 'te']",ja·zen·te,nome feminino,"['ʒa', 'zˈẽ', 'tʃɪ ou ʒa', 'zˈẽ', 'tʃɪ']",ʒa.zˈẽ.tʃɪ ou ʒa.zˈẽ.tʃɪ,2,penultima,tʃɪ ou ʒa,zˈẽ,tʃɪ
jazer,"['ja', 'zer']",ja·zer,nome masculino,"['ʒa', 'zˈe']",ʒa.zˈe,1,ultima,,ʒa,zˈe
jazer,"['ja', 'zer']",ja·zer,verbo,"['ʒa', 'zˈe']",ʒa.zˈe,1,ultima,,ʒa,zˈe
jazida,"['ja', 'zi', 'da']",ja·zi·da,nome feminino,"['ʒa', 'zˈi', 'dɐ']",ʒa.zˈi.dɐ,2,penultima,ʒa,zˈi,dɐ
jazigo,"['ja', 'zi', 'go']",ja·zi·go,nome masculino,"['ʒa', 'zˈi', 'gʊ']",ʒa.zˈi.gʊ,2,penultima,ʒa,zˈi,gʊ
jazz,['jazz'],jazz,nome masculino,['ʒˈaz'],ʒˈaz,1,ultima,,,ʒˈaz
jazz,['jazz'],jazz,adjetivo,[''],,1,ultima,,,
jazzista,"['jaz', 'zis', 'ta']",jaz·zis·ta,adjetivo,"['ʒa', 'zˈiʃ', 'tɐ']",ʒa.zˈiʃ.tɐ,2,penultima,ʒa,zˈiʃ,tɐ
jazzista,"['jaz', 'zis', 'ta']",jaz·zis·ta,nome masculino,"['ʒa', 'zˈiʃ', 'tɐ']",ʒa.zˈiʃ.tɐ,2,penultima,ʒa,zˈiʃ,tɐ
jazzista,"['jaz', 'zis', 'ta']",jaz·zis·ta,nome feminino,"['ʒa', 'zˈiʃ', 'tɐ']",ʒa.zˈiʃ.tɐ,2,penultima,ʒa,zˈiʃ,tɐ
jazzístico,"['jaz', 'zís', 'ti', 'co']",jaz·zís·ti·co,adjetivo,"['ʒa', 'zˈiʃ', 'tʃi', 'kʊ']",ʒa.zˈiʃ.tʃi.kʊ,3,antepenultima,zˈiʃ,tʃi,kʊ
jeans,['jeans'],jeans,nome,[''],,1,ultima,,,
jeep,['jeep'],jeep,nome feminino,[''],,1,ultima,,,
jeito,"['jei', 'to']",jei·to,nome masculino,"['ʒˈej', 'tʊ']",ʒˈej.tʊ,2,penultima,,ʒˈej,tʊ
jeitosamente,"['jei', 'to', 'sa', 'men', 'te']",jei·to·sa·men·te,advérbio,"['ʒej', 'tɔ', 'zã', 'mˈẽ', 'tʃɪ']",ʒej.tɔ.zã.mˈẽ.tʃɪ,2,penultima,zã,mˈẽ,tʃɪ
jeitoso,"['jei', 'to', 'so']",jei·to·so,adjetivo,"['ʒej', 'tˈo', 'zʊ']",ʒej.tˈo.zʊ,2,penultima,ʒej,tˈo,zʊ
jejuar,"['je', 'ju', 'ar']",je·ju·ar,verbo,"['ʒe', 'ʒu', 'ˈa']",ʒe.ʒu.ˈa,1,ultima,ʒe,ʒu,ˈa
jejum,"['je', 'jum']",je·jum,nome masculino,"['ʒe', 'ʒˈũ']",ʒe.ʒˈũ,1,ultima,,ʒe,ʒˈũ
jeque,"['je', 'que']",je·que,nome masculino,"['ʒˈɛ', 'kɪ']",ʒˈɛ.kɪ,2,penultima,,ʒˈɛ,kɪ
jeremiar,"['je', 're', 'mi', 'ar']",je·re·mi·ar,verbo,"['ʒe', 'ɾẽ', 'mi', 'ˈa']",ʒe.ɾẽ.mi.ˈa,1,ultima,ɾẽ,mi,ˈa
jeremias,"['je', 're', 'mi', 'as']",je·re·mi·as,adjetivo,"['ʒe', 'ɾẽ', 'mˈi', 'ɐʃ']",ʒe.ɾẽ.mˈi.ɐʃ,2,penultima,ɾẽ,mˈi,ɐʃ
jeremias,"['je', 're', 'mi', 'as']",je·re·mi·as,nome masculino,"['ʒe', 'ɾẽ', 'mˈi', 'ɐʃ ou ʒe', 'ɾẽ', 'mˈi', 'ɐʃ']",ʒe.ɾẽ.mˈi.ɐʃ ou ʒe.ɾẽ.mˈi.ɐʃ,2,penultima,ɾẽ,mˈi,ɐʃ
jerico,"['je', 'ri', 'co']",je·ri·co,nome masculino,"['ʒe', 'ɾˈi', 'kʊ']",ʒe.ɾˈi.kʊ,2,penultima,ʒe,ɾˈi,kʊ
jerónimo,"['je', 'ró', 'ni', 'mo']",je·ró·ni·mo,adjetivo,"['ʒe', 'ɾˈɔ̃', 'nĩ', 'mʊ']",ʒe.ɾˈɔ̃.nĩ.mʊ,3,antepenultima,ɾˈɔ̃,nĩ,mʊ
jerónimo,"['je', 'ró', 'ni', 'mo']",je·ró·ni·mo,nome masculino,"['ʒe', 'ɾˈɔ̃', 'nĩ', 'mʊ']",ʒe.ɾˈɔ̃.nĩ.mʊ,3,antepenultima,ɾˈɔ̃,nĩ,mʊ
jeropiga,"['je', 'ro', 'pi', 'ga']",je·ro·pi·ga,nome feminino,"['ʒe', 'ɾo', 'pˈi', 'gɐ']",ʒe.ɾo.pˈi.gɐ,2,penultima,ɾo,pˈi,gɐ
jesuíta,"['je', 'su', 'í', 'ta']",je·su·í·ta,adjetivo,"['ʒe', 'zu', 'ˈi', 'tɐ']",ʒe.zu.ˈi.tɐ,2,penultima,zu,ˈi,tɐ
jesuíta,"['je', 'su', 'í', 'ta']",je·su·í·ta,nome masculino,"['ʒe', 'zu', 'ˈi', 'tɐ']",ʒe.zu.ˈi.tɐ,2,penultima,zu,ˈi,tɐ
jesuiticamente,"['je', 'sui', 'ti', 'ca', 'men', 'te']",je·sui·ti·ca·men·te,advérbio,"['ʒe', 'zuj', 'tʃi', 'kã', 'mˈẽ', 'tʃɪ']",ʒe.zuj.tʃi.kã.mˈẽ.tʃɪ,2,penultima,kã,mˈẽ,tʃɪ
jesuítico,"['je', 'su', 'í', 'ti', 'co']",je·su·í·ti·co,adjetivo,"['ʒe', 'zu', 'ˈi', 'tʃi', 'kʊ']",ʒe.zu.ˈi.tʃi.kʊ,3,antepenultima,ˈi,tʃi,kʊ
jesus,"['je', 'sus']",je·sus,interjeição,"['ʒe', 'zˈuʃ']",ʒe.zˈuʃ,1,ultima,,ʒe,zˈuʃ
jet-set,"['jet', 'set']",jet-set,nome masculino,[''],,1,ultima,,,
ji,['ji'],ji,nome masculino,['ʒˈi'],ʒˈi,1,ultima,,,ʒˈi
jiboia,"['ji', 'boi', 'a']",ji·boi·a,nome feminino,"['ʒi', 'bˈɔj', 'ɐ']",ʒi.bˈɔj.ɐ,2,penultima,ʒi,bˈɔj,ɐ
jiga,"['ji', 'ga']",ji·ga,nome feminino,"['ʒˈi', 'gɐ']",ʒˈi.gɐ,2,penultima,,ʒˈi,gɐ
jigajoga,"['ji', 'ga', 'jo', 'ga']",ji·ga·jo·ga,nome feminino,"['ʒi', 'ga', 'ʒˈɔ', 'gɐ']",ʒi.ga.ʒˈɔ.gɐ,2,penultima,ga,ʒˈɔ,gɐ
jihad,"['ji', 'had']",ji·had,nome feminino,[''],,1,ultima,,,
jimbo,"['jim', 'bo']",jim·bo,nome masculino,"['ʒˈĩ', 'bʊ']",ʒˈĩ.bʊ,2,penultima,,ʒˈĩ,bʊ
jinga,"['jin', 'ga']",jin·ga,adjetivo,"['ʒˈĩ', 'gɐ']",ʒˈĩ.gɐ,2,penultima,,ʒˈĩ,gɐ
jinga,"['jin', 'ga']",jin·ga,nome masculino,"['ʒˈĩ', 'gɐ']",ʒˈĩ.gɐ,2,penultima,,ʒˈĩ,gɐ
jinga,"['jin', 'ga']",jin·ga,nome feminino,"['ʒˈĩ', 'gɐ']",ʒˈĩ.gɐ,2,penultima,,ʒˈĩ,gɐ
jipe,"['ji', 'pe']",ji·pe,nome masculino,"['ʒˈi', 'pɪ']",ʒˈi.pɪ,2,penultima,,ʒˈi,pɪ
jiu-jitsu,"['jiu', 'jit', 'su']",jiu-jit·su,nome masculino,[''],,1,ultima,,,
joalharia,"['jo', 'a', 'lha', 'ri', 'a']",jo·a·lha·ri·a,nome feminino,"['ʒo', 'a', 'ʎa', 'ɾˈi', 'ɐ']",ʒo.a.ʎa.ɾˈi.ɐ,2,penultima,ʎa,ɾˈi,ɐ
joalheira,"['jo', 'a', 'lhei', 'ra']",jo·a·lhei·ra,nome feminino,"['ʒo', 'a', 'ʎˈej', 'ɾɐ']",ʒo.a.ʎˈej.ɾɐ,2,penultima,a,ʎˈej,ɾɐ
joalheiro,"['jo', 'a', 'lhei', 'ro']",jo·a·lhei·ro,nome masculino,"['ʒo', 'a', 'ʎˈej', 'ɾʊ']",ʒo.a.ʎˈej.ɾʊ,2,penultima,a,ʎˈej,ɾʊ
joalheiro,"['jo', 'a', 'lhei', 'ro']",jo·a·lhei·ro,adjetivo,"['ʒo', 'a', 'ʎˈej', 'ɾʊ']",ʒo.a.ʎˈej.ɾʊ,2,penultima,a,ʎˈej,ɾʊ
joanete,"['jo', 'a', 'ne', 'te']",jo·a·ne·te,nome masculino,"['ʒo', 'ã', 'nˈe', 'tʃɪ']",ʒo.ã.nˈe.tʃɪ,2,penultima,ã,nˈe,tʃɪ
joanico,"['jo', 'a', 'ni', 'co']",jo·a·ni·co,nome masculino,"['ʒo', 'ã', 'nˈi', 'kʊ']",ʒo.ã.nˈi.kʊ,2,penultima,ã,nˈi,kʊ
joaninha,"['jo', 'a', 'ni', 'nha']",jo·a·ni·nha,nome feminino,"['ʒo', 'ã', 'nˈĩ', 'ɲɐ']",ʒo.ã.nˈĩ.ɲɐ,2,penultima,ã,nˈĩ,ɲɐ
joanino,"['jo', 'a', 'ni', 'no']",jo·a·ni·no,adjetivo,"['ʒo', 'ã', 'nˈĩ', 'nʊ']",ʒo.ã.nˈĩ.nʊ,2,penultima,ã,nˈĩ,nʊ
job,['job'],job,nome masculino,[''],,1,ultima,,,
jobar,"['jo', 'bar']",jo·bar,verbo,"['ʒo', 'bˈa']",ʒo.bˈa,1,ultima,,ʒo,bˈa
jocosamente,"['jo', 'co', 'sa', 'men', 'te']",jo·co·sa·men·te,advérbio,"['ʒo', 'kɔ', 'zã', 'mˈẽ', 'tʃɪ']",ʒo.kɔ.zã.mˈẽ.tʃɪ,2,penultima,zã,mˈẽ,tʃɪ
jocosidade,"['jo', 'co', 'si', 'da', 'de']",jo·co·si·da·de,nome feminino,"['ʒo', 'ko', 'zi', 'dˈa', 'dʒɪ']",ʒo.ko.zi.dˈa.dʒɪ,2,penultima,zi,dˈa,dʒɪ
jocoso,"['jo', 'co', 'so']",jo·co·so,adjetivo,"['ʒo', 'kˈo', 'zʊ']",ʒo.kˈo.zʊ,2,penultima,ʒo,kˈo,zʊ
joeirar,"['jo', 'ei', 'rar']",jo·ei·rar,verbo,"['ʒo', 'ej', 'ɾˈa']",ʒo.ej.ɾˈa,1,ultima,ʒo,ej,ɾˈa
joelhada,"['jo', 'e', 'lha', 'da']",jo·e·lha·da,nome feminino,"['ʒo', 'e', 'ʎˈa', 'dɐ']",ʒo.e.ʎˈa.dɐ,2,penultima,e,ʎˈa,dɐ
joelhar,"['jo', 'e', 'lhar']",jo·e·lhar,verbo,"['ʒo', 'e', 'ʎˈa']",ʒo.e.ʎˈa,1,ultima,ʒo,e,ʎˈa
joelheira,"['jo', 'e', 'lhei', 'ra']",jo·e·lhei·ra,nome feminino,"['ʒo', 'e', 'ʎˈej', 'ɾɐ']",ʒo.e.ʎˈej.ɾɐ,2,penultima,e,ʎˈej,ɾɐ
joelheiro,"['jo', 'e', 'lhei', 'ro']",jo·e·lhei·ro,adjetivo,"['ʒo', 'e', 'ʎˈej', 'ɾʊ']",ʒo.e.ʎˈej.ɾʊ,2,penultima,e,ʎˈej,ɾʊ
joelho,"['jo', 'e', 'lho']",jo·e·lho,nome masculino,"['ʒo', 'ˈe', 'ʎʊ']",ʒo.ˈe.ʎʊ,2,penultima,ʒo,ˈe,ʎʊ
joga,"['jo', 'ga']",jo·ga,nome feminino,"['ʒˈɔ', 'gɐ']",ʒˈɔ.gɐ,2,penultima,,ʒˈɔ,gɐ
jogada,"['jo', 'ga', 'da']",jo·ga·da,nome feminino,"['ʒo', 'gˈa', 'dɐ']",ʒo.gˈa.dɐ,2,penultima,ʒo,gˈa,dɐ
jogado,"['jo', 'ga', 'do']",jo·ga·do,adjetivo,"['ʒo', 'gˈa', 'dʊ']",ʒo.gˈa.dʊ,2,penultima,ʒo,gˈa,dʊ
jogador,"['jo', 'ga', 'dor']",jo·ga·dor,adjetivo,"['ʒo', 'ga', 'dˈo']",ʒo.ga.dˈo,1,ultima,ʒo,ga,dˈo
jogador,"['jo', 'ga', 'dor']",jo·ga·dor,nome masculino,"['ʒo', 'ga', 'dˈo']",ʒo.ga.dˈo,1,ultima,ʒo,ga,dˈo
jogadora,"['jo', 'ga', 'do', 'ra']",jo·ga·do·ra,nome feminino,"['ʒo', 'ga', 'dˈo', 'ɾɐ']",ʒo.ga.dˈo.ɾɐ,2,penultima,ga,dˈo,ɾɐ
jogão,"['jo', 'gão']",jo·gão,nome masculino,"['ʒo', 'gˈɐ̃w']",ʒo.gˈɐ̃w,1,ultima,,ʒo,gˈɐ̃w
jogar,"['jo', 'gar']",jo·gar,verbo,"['ʒo', 'gˈa']",ʒo.gˈa,1,ultima,,ʒo,gˈa
jogatina,"['jo', 'ga', 'ti', 'na']",jo·ga·ti·na,nome feminino,"['ʒo', 'ga', 'tʃˈĩ', 'nɐ']",ʒo.ga.tʃˈĩ.nɐ,2,penultima,ga,tʃˈĩ,nɐ
jogável,"['jo', 'gá', 'vel']",jo·gá·vel,adjetivo,"['ʒo', 'gˈa', 'vew']",ʒo.gˈa.vew,2,penultima,ʒo,gˈa,vew
jogging,"['jog', 'ging']",jog·ging,nome masculino,[''],,2,penultima,,,
jogo,"['jo', 'go']",jo·go,nome masculino,"['ʒˈo', 'gʊ']",ʒˈo.gʊ,2,penultima,,ʒˈo,gʊ
jogó,"['jo', 'gó']",jo·gó,nome masculino,"['ʒo', 'gˈɔ']",ʒo.gˈɔ,1,ultima,,ʒo,gˈɔ
jogral,"['jo', 'gral']",jo·gral,nome masculino,"['ʒo', 'gɾˈaw']",ʒo.gɾˈaw,1,ultima,,ʒo,gɾˈaw
jogralesca,"['jo', 'gra', 'les', 'ca']",jo·gra·les·ca,nome feminino,"['ʒo', 'gɾa', 'lˈeʃ', 'kɐ']",ʒo.gɾa.lˈeʃ.kɐ,2,penultima,gɾa,lˈeʃ,kɐ
jogralesco,"['jo', 'gra', 'les', 'co']",jo·gra·les·co,adjetivo,"['ʒo', 'gɾa', 'lˈeʃ', 'kʊ']",ʒo.gɾa.lˈeʃ.kʊ,2,penultima,gɾa,lˈeʃ,kʊ
jogue,"['jo', 'gue']",jo·gue,adjetivo,"['ʒˈɔ', 'gɪ']",ʒˈɔ.gɪ,2,penultima,,ʒˈɔ,gɪ
jogue,"['jo', 'gue']",jo·gue,nome masculino,"['ʒˈɔ', 'gɪ ou ʒˈɔ', 'gɪ']",ʒˈɔ.gɪ ou ʒˈɔ.gɪ,2,penultima,ʒˈɔ,gɪ ou ʒˈɔ,gɪ
joguetar,"['jo', 'gue', 'tar']",jo·gue·tar,verbo,"['ʒo', 'ge', 'tˈa']",ʒo.ge.tˈa,1,ultima,ʒo,ge,tˈa
joguete,"['jo', 'gue', 'te']",jo·gue·te,nome masculino,"['ʒo', 'gˈe', 'tʃɪ']",ʒo.gˈe.tʃɪ,2,penultima,ʒo,gˈe,tʃɪ
joia,"['joi', 'a']",joi·a,nome feminino,"['ʒˈɔj', 'ɐ']",ʒˈɔj.ɐ,2,penultima,,ʒˈɔj,ɐ
joint-venture,"['joint', 'ven', 'tu', 're']",joint-ven·tu·re,nome feminino,[''],,2,penultima,,,
joio,"['joi', 'o']",joi·o,nome masculino,"['ʒˈoj', 'ʊ']",ʒˈoj.ʊ,2,penultima,,ʒˈoj,ʊ
jojoba,"['jo', 'jo', 'ba']",jo·jo·ba,nome feminino,"['ʒɔ', 'ʒˈɔ', 'bɐ']",ʒɔ.ʒˈɔ.bɐ,2,penultima,ʒɔ,ʒˈɔ,bɐ
joker,"['jo', 'ker']",jo·ker,nome masculino,[''],,2,penultima,,,
jolar,"['jo', 'lar']",jo·lar,verbo,"['ʒo', 'lˈa']",ʒo.lˈa,1,ultima,,ʒo,lˈa
jónica,"['jó', 'ni', 'ca']",jó·ni·ca,nome feminino,"['ʒˈɔ̃', 'ni', 'kɐ']",ʒˈɔ̃.ni.kɐ,3,antepenultima,ʒˈɔ̃,ni,kɐ
jonicamente,"['jo', 'ni', 'ca', 'men', 'te']",jo·ni·ca·men·te,advérbio,"['ʒɔ̃', 'ni', 'kã', 'mˈẽ', 'tʃɪ']",ʒɔ̃.ni.kã.mˈẽ.tʃɪ,2,penultima,kã,mˈẽ,tʃɪ
jónico,"['jó', 'ni', 'co']",jó·ni·co,nome masculino,"['ʒˈɔ̃', 'ni', 'kʊ']",ʒˈɔ̃.ni.kʊ,3,antepenultima,ʒˈɔ̃,ni,kʊ
jónico,"['jó', 'ni', 'co']",jó·ni·co,adjetivo,"['ʒˈɔ̃', 'ni', 'kʊ']",ʒˈɔ̃.ni.kʊ,3,antepenultima,ʒˈɔ̃,ni,kʊ
jónio,"['jó', 'ni', 'o']",jó·ni·o,nome masculino,"['ʒˈɔ̃', 'njʊ']",ʒˈɔ̃.njʊ,3,antepenultima,,ʒˈɔ̃,njʊ
jónio,"['jó', 'ni', 'o']",jó·ni·o,adjetivo,"['ʒˈɔ̃', 'njʊ']",ʒˈɔ̃.njʊ,3,antepenultima,,ʒˈɔ̃,njʊ
jóquei,"['jó', 'quei']",jó·quei,nome masculino,"['ʒˈɔ', 'kej']",ʒˈɔ.kej,2,penultima,,ʒˈɔ,kej
jordana,"['jor', 'da', 'na']",jor·da·na,nome feminino,"['ʒoɦ', 'dˈɐ̃', 'nɐ']",ʒoɦ.dˈɐ̃.nɐ,2,penultima,ʒoɦ,dˈɐ̃,nɐ
jordano,"['jor', 'da', 'no']",jor·da·no,adjetivo,"['ʒoɦ', 'dˈɐ̃', 'nʊ']",ʒoɦ.dˈɐ̃.nʊ,2,penultima,ʒoɦ,dˈɐ̃,nʊ
jordano,"['jor', 'da', 'no']",jor·da·no,nome masculino,"['ʒoɦ', 'dˈɐ̃', 'nʊ']",ʒoɦ.dˈɐ̃.nʊ,2,penultima,ʒoɦ,dˈɐ̃,nʊ
jorna,"['jor', 'na']",jor·na,nome feminino,"['ʒˈɔɦ', 'nɐ']",ʒˈɔɦ.nɐ,2,penultima,,ʒˈɔɦ,nɐ
jornada,"['jor', 'na', 'da']",jor·na·da,nome feminino,"['ʒoɦ', 'nˈa', 'dɐ']",ʒoɦ.nˈa.dɐ,2,penultima,ʒoɦ,nˈa,dɐ
jornal,"['jor', 'nal']",jor·nal,nome masculino,"['ʒoɦ', 'nˈaw']",ʒoɦ.nˈaw,1,ultima,,ʒoɦ,nˈaw
jornaleco,"['jor', 'na', 'le', 'co']",jor·na·le·co,nome masculino,"['ʒoɦ', 'na', 'lˈɛ', 'kʊ']",ʒoɦ.na.lˈɛ.kʊ,2,penultima,na,lˈɛ,kʊ
jornaleiro,"['jor', 'na', 'lei', 'ro']",jor·na·lei·ro,adjetivo,"['ʒoɦ', 'na', 'lˈej', 'ɾʊ']",ʒoɦ.na.lˈej.ɾʊ,2,penultima,na,lˈej,ɾʊ
jornaleiro,"['jor', 'na', 'lei', 'ro']",jor·na·lei·ro,nome masculino,"['ʒoɦ', 'na', 'lˈej', 'ɾʊ']",ʒoɦ.na.lˈej.ɾʊ,2,penultima,na,lˈej,ɾʊ
jornalismo,"['jor', 'na', 'lis', 'mo']",jor·na·lis·mo,nome masculino,"['ʒoɦ', 'na', 'lˈiʒ', 'mʊ']",ʒoɦ.na.lˈiʒ.mʊ,2,penultima,na,lˈiʒ,mʊ
jornalista,"['jor', 'na', 'lis', 'ta']",jor·na·lis·ta,nome masculino,"['ʒoɦ', 'na', 'lˈiʃ', 'tɐ']",ʒoɦ.na.lˈiʃ.tɐ,2,penultima,na,lˈiʃ,tɐ
jornalista,"['jor', 'na', 'lis', 'ta']",jor·na·lis·ta,nome feminino,"['ʒoɦ', 'na', 'lˈiʃ', 'tɐ']",ʒoɦ.na.lˈiʃ.tɐ,2,penultima,na,lˈiʃ,tɐ
jornalisticamente,"['jor', 'na', 'lis', 'ti', 'ca', 'men', 'te']",jor·na·lis·ti·ca·men·te,advérbio,"['ʒoɦ', 'na', 'liʃ', 'tʃi', 'kã', 'mˈẽ', 'tʃɪ']",ʒoɦ.na.liʃ.tʃi.kã.mˈẽ.tʃɪ,2,penultima,kã,mˈẽ,tʃɪ
jornalístico,"['jor', 'na', 'lís', 'ti', 'co']",jor·na·lís·ti·co,adjetivo,"['ʒoɦ', 'na', 'lˈiʃ', 'tʃi', 'kʊ']",ʒoɦ.na.lˈiʃ.tʃi.kʊ,3,antepenultima,lˈiʃ,tʃi,kʊ
jorra,"['jor', 'ra']",jor·ra,nome feminino,"['ʒˈɔ', 'ɦɐ']",ʒˈɔ.ɦɐ,2,penultima,,ʒˈɔ,ɦɐ
jorrar,"['jor', 'rar']",jor·rar,verbo,"['ʒo', 'ɦˈa']",ʒo.ɦˈa,1,ultima,,ʒo,ɦˈa
jorro,"['jor', 'ro']",jor·ro,nome masculino,"['ʒˈo', 'ɦʊ']",ʒˈo.ɦʊ,2,penultima,,ʒˈo,ɦʊ
josefino,"['jo', 'se', 'fi', 'no']",jo·se·fi·no,nome masculino,"['ʒo', 'ze', 'fˈĩ', 'nʊ']",ʒo.ze.fˈĩ.nʊ,2,penultima,ze,fˈĩ,nʊ
josefino,"['jo', 'se', 'fi', 'no']",jo·se·fi·no,adjetivo,"['ʒo', 'ze', 'fˈĩ', 'nʊ']",ʒo.ze.fˈĩ.nʊ,2,penultima,ze,fˈĩ,nʊ
jota,"['jo', 'ta']",jo·ta,nome masculino,"['ʒˈɔ', 'tɐ']",ʒˈɔ.tɐ,2,penultima,,ʒˈɔ,tɐ
jota,"['jo', 'ta']",jo·ta,nome feminino,"['ʒˈɔ', 'tɐ']",ʒˈɔ.tɐ,2,penultima,,ʒˈɔ,tɐ
joule,"['jou', 'le']",jou·le,nome masculino,[''],,2,penultima,,,
jovem,"['jo', 'vem']",jo·vem,nome masculino,"['ʒˈɔ', 'vẽj']",ʒˈɔ.vẽj,2,penultima,,ʒˈɔ,vẽj
jovem,"['jo', 'vem']",jo·vem,adjetivo,"['ʒˈɔ', 'vẽj']",ʒˈɔ.vẽj,2,penultima,,ʒˈɔ,vẽj
jovem,"['jo', 'vem']",jo·vem,nome feminino,"['ʒˈɔ', 'vẽj']",ʒˈɔ.vẽj,2,penultima,,ʒˈɔ,vẽj
jovial,"['jo', 'vi', 'al']",jo·vi·al,adjetivo,"['ʒo', 'vi', 'ˈaw']",ʒo.vi.ˈaw,1,ultima,ʒo,vi,ˈaw
jovialidade,"['jo', 'vi', 'a', 'li', 'da', 'de']",jo·vi·a·li·da·de,nome feminino,"['ʒo', 'vi', 'a', 'li', 'dˈa', 'dʒɪ']",ʒo.vi.a.li.dˈa.dʒɪ,2,penultima,li,dˈa,dʒɪ
jovialmente,"['jo', 'vi', 'al', 'men', 'te']",jo·vi·al·men·te,advérbio,"['ʒo', 'vi', 'aw', 'mˈẽ', 'tʃɪ']",ʒo.vi.aw.mˈẽ.tʃɪ,2,penultima,aw,mˈẽ,tʃɪ
joystick,"['joy', 'stick']",joy·stick,nome masculino,[''],,1,ultima,,,
juba,"['ju', 'ba']",ju·ba,nome feminino,"['ʒˈu', 'bɐ']",ʒˈu.bɐ,2,penultima,,ʒˈu,bɐ
jubilação,"['ju', 'bi', 'la', 'ção']",ju·bi·la·ção,nome feminino,"['ʒu', 'bi', 'la', 'sˈɐ̃w']",ʒu.bi.la.sˈɐ̃w,1,ultima,bi,la,sˈɐ̃w
jubilado,"['ju', 'bi', 'la', 'do']",ju·bi·la·do,nome masculino,"['ʒu', 'bi', 'lˈa', 'dʊ']",ʒu.bi.lˈa.dʊ,2,penultima,bi,lˈa,dʊ
jubilado,"['ju', 'bi', 'la', 'do']",ju·bi·la·do,adjetivo,"['ʒu', 'bi', 'lˈa', 'dʊ']",ʒu.bi.lˈa.dʊ,2,penultima,bi,lˈa,dʊ
jubilar,"['ju', 'bi', 'lar']",ju·bi·lar,verbo,"['ʒu', 'bi', 'lˈa']",ʒu.bi.lˈa,1,ultima,ʒu,bi,lˈa
jubilar,"['ju', 'bi', 'lar']",ju·bi·lar,adjetivo,"['ʒu', 'bi', 'lˈa']",ʒu.bi.lˈa,1,ultima,ʒu,bi,lˈa
jubileu,"['ju', 'bi', 'leu']",ju·bi·leu,nome masculino,"['ʒu', 'bi', 'lˈew']",ʒu.bi.lˈew,1,ultima,ʒu,bi,lˈew
júbilo,"['jú', 'bi', 'lo']",jú·bi·lo,nome masculino,"['ʒˈu', 'bi', 'lʊ']",ʒˈu.bi.lʊ,3,antepenultima,ʒˈu,bi,lʊ
jubilosamente,"['ju', 'bi', 'lo', 'sa', 'men', 'te']",ju·bi·lo·sa·men·te,advérbio,"['ʒu', 'bi', 'lɔ', 'zã', 'mˈẽ', 'tʃɪ']",ʒu.bi.lɔ.zã.mˈẽ.tʃɪ,2,penultima,zã,mˈẽ,tʃɪ
jubiloso,"['ju', 'bi', 'lo', 'so']",ju·bi·lo·so,adjetivo,"['ʒu', 'bi', 'lˈo', 'zʊ']",ʒu.bi.lˈo.zʊ,2,penultima,bi,lˈo,zʊ
jucá,"['ju', 'cá']",ju·cá,nome masculino,"['ʒu', 'kˈa']",ʒu.kˈa,1,ultima,,ʒu,kˈa
judaicamente,"['ju', 'dai', 'ca', 'men', 'te']",ju·dai·ca·men·te,advérbio,"['ʒu', 'daj', 'kã', 'mˈẽ', 'tʃɪ']",ʒu.daj.kã.mˈẽ.tʃɪ,2,penultima,kã,mˈẽ,tʃɪ
judaico,"['ju', 'dai', 'co']",ju·dai·co,adjetivo,"['ʒu', 'dˈaj', 'kʊ']",ʒu.dˈaj.kʊ,2,penultima,ʒu,dˈaj,kʊ
judaico-cristão,"['ju', 'dai', 'co', 'cris', 'tão']",ju·dai·co-cris·tão,adjetivo,"['ʒu', 'dˌaj', 'ko', 'kɾiʃ', 'tˈɐ̃w']",ʒu.dˌaj.ko.kɾiʃ.tˈɐ̃w,1,ultima,ko,kɾiʃ,tˈɐ̃w
judaísmo,"['ju', 'da', 'ís', 'mo']",ju·da·ís·mo,nome masculino,"['ʒu', 'da', 'ˈiʒ', 'mʊ']",ʒu.da.ˈiʒ.mʊ,2,penultima,da,ˈiʒ,mʊ
judaizante,"['ju', 'dai', 'zan', 'te']",ju·dai·zan·te,adjetivo,"['ʒu', 'da', 'i', 'zˈɐ̃', 'tʃɪ']",ʒu.da.i.zˈɐ̃.tʃɪ,2,penultima,i,zˈɐ̃,tʃɪ
judaizante,"['ju', 'dai', 'zan', 'te']",ju·dai·zan·te,nome masculino,"['ʒu', 'da', 'i', 'zˈɐ̃', 'tʃɪ ou ʒu', 'da', 'i', 'zˈɐ̃', 'tʃɪ']",ʒu.da.i.zˈɐ̃.tʃɪ ou ʒu.da.i.zˈɐ̃.tʃɪ,2,penultima,i,zˈɐ̃,tʃɪ
judaizar,"['ju', 'dai', 'zar']",ju·dai·zar,verbo,"['ʒu', 'da', 'i', 'zˈa']",ʒu.da.i.zˈa,1,ultima,da,i,zˈa
judas,"['ju', 'das']",ju·das,nome masculino,"['ʒˈu', 'dɐʃ']",ʒˈu.dɐʃ,2,penultima,,ʒˈu,dɐʃ
judeu,"['ju', 'deu']",ju·deu,nome masculino,"['ʒu', 'dˈew']",ʒu.dˈew,1,ultima,,ʒu,dˈew
judeu,"['ju', 'deu']",ju·deu,adjetivo,"['ʒu', 'dˈew']",ʒu.dˈew,1,ultima,,ʒu,dˈew
judia,"['ju', 'di', 'a']",ju·di·a,nome feminino,"['ʒu', 'dʒˈi', 'ɐ']",ʒu.dʒˈi.ɐ,2,penultima,ʒu,dʒˈi,ɐ
judiar,"['ju', 'di', 'ar']",ju·di·ar,verbo,"['ʒu', 'dʒi', 'ˈa']",ʒu.dʒi.ˈa,1,ultima,ʒu,dʒi,ˈa
judiaria,"['ju', 'di', 'a', 'ri', 'a']",ju·di·a·ri·a,nome feminino,"['ʒu', 'dʒi', 'a', 'ɾˈi', 'ɐ']",ʒu.dʒi.a.ɾˈi.ɐ,2,penultima,a,ɾˈi,ɐ
judicante,"['ju', 'di', 'can', 'te']",ju·di·can·te,adjetivo,"['ʒu', 'dʒi', 'kˈɐ̃', 'tʃɪ']",ʒu.dʒi.kˈɐ̃.tʃɪ,2,penultima,dʒi,kˈɐ̃,tʃɪ
judicativo,"['ju', 'di', 'ca', 'ti', 'vo']",ju·di·ca·ti·vo,adjetivo,"['ʒu', 'dʒi', 'ka', 'tʃˈi', 'vʊ']",ʒu.dʒi.ka.tʃˈi.vʊ,2,penultima,ka,tʃˈi,vʊ
judicatura,"['ju', 'di', 'ca', 'tu', 'ra']",ju·di·ca·tu·ra,nome feminino,"['ʒu', 'dʒi', 'ka', 'tˈu', 'ɾɐ']",ʒu.dʒi.ka.tˈu.ɾɐ,2,penultima,ka,tˈu,ɾɐ
judicial,"['ju', 'di', 'ci', 'al']",ju·di·ci·al,adjetivo,"['ʒu', 'dʒi', 'si', 'ˈaw']",ʒu.dʒi.si.ˈaw,1,ultima,dʒi,si,ˈaw
judicialmente,"['ju', 'di', 'ci', 'al', 'men', 'te']",ju·di·ci·al·men·te,advérbio,"['ʒu', 'dʒi', 'si', 'aw', 'mˈẽ', 'tʃɪ']",ʒu.dʒi.si.aw.mˈẽ.tʃɪ,2,penultima,aw,mˈẽ,tʃɪ
judiciar,"['ju', 'di', 'ci', 'ar']",ju·di·ci·ar,verbo,"['ʒu', 'dʒi', 'si', 'ˈa']",ʒu.dʒi.si.ˈa,1,ultima,dʒi,si,ˈa
judiciariamente,"['ju', 'di', 'ci', 'a', 'ri', 'a', 'men', 'te']",ju·di·ci·a·ri·a·men·te,advérbio,"['ʒu', 'dʒi', 'si', 'a', 'ɾi', 'ã', 'mˈẽ', 'tʃɪ']",ʒu.dʒi.si.a.ɾi.ã.mˈẽ.tʃɪ,2,penultima,ã,mˈẽ,tʃɪ
judiciário,"['ju', 'di', 'ci', 'á', 'ri', 'o']",ju·di·ci·á·ri·o,adjetivo,"['ʒu', 'dʒi', 'si', 'ˈa', 'ɾjʊ']",ʒu.dʒi.si.ˈa.ɾjʊ,3,antepenultima,si,ˈa,ɾjʊ
judiciosamente,"['ju', 'di', 'ci', 'o', 'sa', 'men', 'te']",ju·di·ci·o·sa·men·te,advérbio,"['ʒu', 'dʒi', 'sjɔ', 'zã', 'mˈẽ', 'tʃɪ']",ʒu.dʒi.sjɔ.zã.mˈẽ.tʃɪ,2,penultima,zã,mˈẽ,tʃɪ
judicioso,"['ju', 'di', 'ci', 'o', 'so']",ju·di·ci·o·so,adjetivo,"['ʒu', 'dʒi', 'sjˈo', 'zʊ']",ʒu.dʒi.sjˈo.zʊ,2,penultima,dʒi,sjˈo,zʊ
judio,"['ju', 'di', 'o']",ju·di·o,adjetivo,"['ʒu', 'dʒˈi', 'ʊ']",ʒu.dʒˈi.ʊ,2,penultima,ʒu,dʒˈi,ʊ
judio,"['ju', 'di', 'o']",ju·di·o,nome masculino,"['ʒu', 'dʒˈi', 'ʊ']",ʒu.dʒˈi.ʊ,2,penultima,ʒu,dʒˈi,ʊ
judo,"['ju', 'do']",ju·do,nome masculino,"['ʒˈu', 'dʊ']",ʒˈu.dʊ,2,penultima,,ʒˈu,dʊ
judoca,"['ju', 'do', 'ca']",ju·do·ca,nome masculino,"['ʒu', 'dˈɔ', 'kɐ']",ʒu.dˈɔ.kɐ,2,penultima,ʒu,dˈɔ,kɐ
judoca,"['ju', 'do', 'ca']",ju·do·ca,nome feminino,"['ʒu', 'dˈɔ', 'kɐ']",ʒu.dˈɔ.kɐ,2,penultima,ʒu,dˈɔ,kɐ
jugadar,"['ju', 'ga', 'dar']",ju·ga·dar,verbo,"['ʒu', 'ga', 'dˈa']",ʒu.ga.dˈa,1,ultima,ʒu,ga,dˈa
jugar,"['ju', 'gar']",ju·gar,verbo,"['ʒu', 'gˈa']",ʒu.gˈa,1,ultima,,ʒu,gˈa
jugo,"['ju', 'go']",ju·go,nome masculino,"['ʒˈu', 'gʊ']",ʒˈu.gʊ,2,penultima,,ʒˈu,gʊ
jugoslava,"['ju', 'gos', 'la', 'va']",ju·gos·la·va,nome feminino,"['ʒu', 'goʒ', 'lˈa', 'vɐ']",ʒu.goʒ.lˈa.vɐ,2,penultima,goʒ,lˈa,vɐ
jugoslavo,"['ju', 'gos', 'la', 'vo']",ju·gos·la·vo,adjetivo,"['ʒu', 'goʒ', 'lˈa', 'vʊ']",ʒu.goʒ.lˈa.vʊ,2,penultima,goʒ,lˈa,vʊ
jugoslavo,"['ju', 'gos', 'la', 'vo']",ju·gos·la·vo,nome masculino,"['ʒu', 'goʒ', 'lˈa', 'vʊ']",ʒu.goʒ.lˈa.vʊ,2,penultima,goʒ,lˈa,vʊ
jugueiro,"['ju', 'guei', 'ro']",ju·guei·ro,nome masculino,"['ʒu', 'gˈej', 'ɾʊ']",ʒu.gˈej.ɾʊ,2,penultima,ʒu,gˈej,ɾʊ
jugueiro,"['ju', 'guei', 'ro']",ju·guei·ro,adjetivo,"['ʒu', 'gˈej', 'ɾʊ']",ʒu.gˈej.ɾʊ,2,penultima,ʒu,gˈej,ɾʊ
jugular,"['ju', 'gu', 'lar']",ju·gu·lar,nome masculino,"['ʒu', 'gu', 'lˈa']",ʒu.gu.lˈa,1,ultima,ʒu,gu,lˈa
jugular,"['ju', 'gu', 'lar']",ju·gu·lar,verbo,"['ʒu', 'gu', 'lˈa']",ʒu.gu.lˈa,1,ultima,ʒu,gu,lˈa
jugular,"['ju', 'gu', 'lar']",ju·gu·lar,adjetivo,"['ʒu', 'gu', 'lˈa']",ʒu.gu.lˈa,1,ultima,ʒu,gu,lˈa
jugular,"['ju', 'gu', 'lar']",ju·gu·lar,nome feminino,"['ʒu', 'gu', 'lˈa']",ʒu.gu.lˈa,1,ultima,ʒu,gu,lˈa
juiz,"['ju', 'iz']",ju·iz,nome masculino,"['ʒu', 'ˈiʃ']",ʒu.ˈiʃ,1,ultima,,ʒu,ˈiʃ
juiz de linha,"['ju', 'iz de li', 'nha']",ju·iz de li·nha,nome masculino,"['ʒu', 'ˌiʒ', 'dʒi', 'lˈĩ', 'ɲɐ']",ʒu.ˌiʒ.dʒi.lˈĩ.ɲɐ,2,penultima,dʒi,lˈĩ,ɲɐ
juiz-conselheiro,"['ju', 'iz', 'con', 'se', 'lhei', 'ro']",ju·iz-con·se·lhei·ro,nome masculino,"['ʒu', 'ˌiʃ', 'kõ', 'se', 'ʎˈej', 'ɾʊ']",ʒu.ˌiʃ.kõ.se.ʎˈej.ɾʊ,2,penultima,se,ʎˈej,ɾʊ
juiz-presidente,"['ju', 'iz', 'pre', 'si', 'den', 'te']",ju·iz-pre·si·den·te,nome masculino,"['ʒu', 'ˌiʃ', 'pɾe', 'zi', 'dˈẽ', 'tʃɪ']",ʒu.ˌiʃ.pɾe.zi.dˈẽ.tʃɪ,2,penultima,zi,dˈẽ,tʃɪ
juíza,"['ju', 'í', 'za']",ju·í·za,nome feminino,"['ʒu', 'ˈi', 'zɐ']",ʒu.ˈi.zɐ,2,penultima,ʒu,ˈi,zɐ
juízo,"['ju', 'í', 'zo']",ju·í·zo,nome masculino,"['ʒu', 'ˈi', 'zʊ']",ʒu.ˈi.zʊ,2,penultima,ʒu,ˈi,zʊ
jujuba,"['ju', 'ju', 'ba']",ju·ju·ba,nome feminino,"['ʒu', 'ʒˈu', 'bɐ']",ʒu.ʒˈu.bɐ,2,penultima,ʒu,ʒˈu,bɐ
jukebox,"['ju', 'ke', 'box']",ju·ke·box,nome feminino,[''],,1,ultima,,,
julgado,"['jul', 'ga', 'do']",jul·ga·do,adjetivo,"['ʒuw', 'gˈa', 'dʊ']",ʒuw.gˈa.dʊ,2,penultima,ʒuw,gˈa,dʊ
julgado,"['jul', 'ga', 'do']",jul·ga·do,nome masculino,"['ʒuw', 'gˈa', 'dʊ']",ʒuw.gˈa.dʊ,2,penultima,ʒuw,gˈa,dʊ
julgador,"['jul', 'ga', 'dor']",jul·ga·dor,nome masculino,"['ʒuw', 'ga', 'dˈo']",ʒuw.ga.dˈo,1,ultima,ʒuw,ga,dˈo
julgador,"['jul', 'ga', 'dor']",jul·ga·dor,adjetivo,"['ʒuw', 'ga', 'dˈo']",ʒuw.ga.dˈo,1,ultima,ʒuw,ga,dˈo
julgamento,"['jul', 'ga', 'men', 'to']",jul·ga·men·to,nome masculino,"['ʒuw', 'gã', 'mˈẽ', 'tʊ']",ʒuw.gã.mˈẽ.tʊ,2,penultima,gã,mˈẽ,tʊ
julgar,"['jul', 'gar']",jul·gar,verbo,"['ʒuw', 'gˈa']",ʒuw.gˈa,1,ultima,,ʒuw,gˈa
juliana,"['ju', 'li', 'a', 'na']",ju·li·a·na,nome feminino,"['ʒu', 'li', 'ˈɐ̃', 'nɐ']",ʒu.li.ˈɐ̃.nɐ,2,penultima,li,ˈɐ̃,nɐ
juliana,"['ju', 'li', 'a', 'na']",ju·li·a·na,adjetivo,"['ʒu', 'li', 'ˈɐ̃', 'nɐ']",ʒu.li.ˈɐ̃.nɐ,2,penultima,li,ˈɐ̃,nɐ
juliano,"['ju', 'li', 'a', 'no']",ju·li·a·no,adjetivo,"['ʒu', 'li', 'ˈɐ̃', 'nʊ']",ʒu.li.ˈɐ̃.nʊ,2,penultima,li,ˈɐ̃,nʊ
jumbai,"['jum', 'bai']",jum·bai,nome masculino,"['ʒũ', 'bˈaj']",ʒũ.bˈaj,1,ultima,,ʒũ,bˈaj
jumbair,"['jum', 'ba', 'ir']",jum·ba·ir,verbo,"['ʒũ', 'ba', 'ˈi']",ʒũ.ba.ˈi,1,ultima,ʒũ,ba,ˈi
jumento,"['ju', 'men', 'to']",ju·men·to,nome masculino,"['ʒũ', 'mˈẽ', 'tʊ']",ʒũ.mˈẽ.tʊ,2,penultima,ʒũ,mˈẽ,tʊ
junça,"['jun', 'ça']",jun·ça,nome feminino,"['ʒˈũ', 'sɐ']",ʒˈũ.sɐ,2,penultima,,ʒˈũ,sɐ
juncada,"['jun', 'ca', 'da']",jun·ca·da,nome feminino,"['ʒũ', 'kˈa', 'dɐ']",ʒũ.kˈa.dɐ,2,penultima,ʒũ,kˈa,dɐ
juncal,"['jun', 'cal']",jun·cal,nome masculino,"['ʒũ', 'kˈaw']",ʒũ.kˈaw,1,ultima,,ʒũ,kˈaw
junção,"['jun', 'ção']",jun·ção,nome feminino,"['ʒũ', 'sˈɐ̃w']",ʒũ.sˈɐ̃w,1,ultima,,ʒũ,sˈɐ̃w
juncar,"['jun', 'car']",jun·car,verbo,"['ʒũ', 'kˈa']",ʒũ.kˈa,1,ultima,,ʒũ,kˈa
junceira,"['jun', 'cei', 'ra']",jun·cei·ra,nome feminino,"['ʒũ', 'sˈej', 'ɾɐ']",ʒũ.sˈej.ɾɐ,2,penultima,ʒũ,sˈej,ɾɐ
junco,"['jun', 'co']",jun·co,nome masculino,"['ʒˈũ', 'kʊ']",ʒˈũ.kʊ,2,penultima,,ʒˈũ,kʊ
juncoso,"['jun', 'co', 'so']",jun·co·so,adjetivo,"['ʒũ', 'kˈo', 'zʊ']",ʒũ.kˈo.zʊ,2,penultima,ʒũ,kˈo,zʊ
jungir,"['jun', 'gir']",jun·gir,verbo,"['ʒũ', 'ʒˈi']",ʒũ.ʒˈi,1,ultima,,ʒũ,ʒˈi
junguiano,"['jun', 'gui', 'a', 'no']",jun·gui·a·no,adjetivo,"['ʒũ', 'gi', 'ˈɐ̃', 'nʊ']",ʒũ.gi.ˈɐ̃.nʊ,2,penultima,gi,ˈɐ̃,nʊ
júnior,"['jú', 'ni', 'or']",jú·ni·or,nome masculino,"['ʒˈũ', 'njo']",ʒˈũ.njo,3,antepenultima,,ʒˈũ,njo
júnior,"['jú', 'ni', 'or']",jú·ni·or,adjetivo,"['ʒˈũ', 'njo']",ʒˈũ.njo,3,antepenultima,,ʒˈũ,njo
júnior,"['jú', 'ni', 'or']",jú·ni·or,nome feminino,"['ʒˈũ', 'njo']",ʒˈũ.njo,3,antepenultima,,ʒˈũ,njo
junkie,"['jun', 'kie']",jun·kie,nome feminino,[''],,2,penultima,,,
junqueira,"['jun', 'quei', 'ra']",jun·quei·ra,nome feminino,"['ʒũ', 'kˈej', 'ɾɐ']",ʒũ.kˈej.ɾɐ,2,penultima,ʒũ,kˈej,ɾɐ
junquilho,"['jun', 'qui', 'lho']",jun·qui·lho,nome masculino,"['ʒũ', 'kˈi', 'ʎʊ']",ʒũ.kˈi.ʎʊ,2,penultima,ʒũ,kˈi,ʎʊ
junta,"['jun', 'ta']",jun·ta,nome feminino,"['ʒˈũ', 'tɐ']",ʒˈũ.tɐ,2,penultima,,ʒˈũ,tɐ
juntamente,"['jun', 'ta', 'men', 'te']",jun·ta·men·te,advérbio,"['ʒũ', 'tã', 'mˈẽ', 'tʃɪ']",ʒũ.tã.mˈẽ.tʃɪ,2,penultima,tã,mˈẽ,tʃɪ
juntar,"['jun', 'tar']",jun·tar,verbo,"['ʒũ', 'tˈa']",ʒũ.tˈa,1,ultima,,ʒũ,tˈa
junto,"['jun', 'to']",jun·to,advérbio,"['ʒˈũ', 'tʊ']",ʒˈũ.tʊ,2,penultima,,ʒˈũ,tʊ
junto,"['jun', 'to']",jun·to,adjetivo,"['ʒˈũ', 'tʊ']",ʒˈũ.tʊ,2,penultima,,ʒˈũ,tʊ
junto,"['jun', 'to']",jun·to,nome masculino,"['ʒˈũ', 'tʊ']",ʒˈũ.tʊ,2,penultima,,ʒˈũ,tʊ
jura,"['ju', 'ra']",ju·ra,nome feminino,"['ʒˈu', 'ɾɐ']",ʒˈu.ɾɐ,2,penultima,,ʒˈu,ɾɐ
jurada,"['ju', 'ra', 'da']",ju·ra·da,nome feminino,"['ʒu', 'ɾˈa', 'dɐ']",ʒu.ɾˈa.dɐ,2,penultima,ʒu,ɾˈa,dɐ
jurado,"['ju', 'ra', 'do']",ju·ra·do,adjetivo,"['ʒu', 'ɾˈa', 'dʊ']",ʒu.ɾˈa.dʊ,2,penultima,ʒu,ɾˈa,dʊ
jurado,"['ju', 'ra', 'do']",ju·ra·do,nome masculino,"['ʒu', 'ɾˈa', 'dʊ']",ʒu.ɾˈa.dʊ,2,penultima,ʒu,ɾˈa,dʊ
juramentar,"['ju', 'ra', 'men', 'tar']",ju·ra·men·tar,verbo,"['ʒu', 'ɾã', 'mẽ', 'tˈa']",ʒu.ɾã.mẽ.tˈa,1,ultima,ɾã,mẽ,tˈa
juramento,"['ju', 'ra', 'men', 'to']",ju·ra·men·to,nome masculino,"['ʒu', 'ɾã', 'mˈẽ', 'tʊ']",ʒu.ɾã.mˈẽ.tʊ,2,penultima,ɾã,mˈẽ,tʊ
jurar,"['ju', 'rar']",ju·rar,verbo,"['ʒu', 'ɾˈa']",ʒu.ɾˈa,1,ultima,,ʒu,ɾˈa
jurássico,"['ju', 'rás', 'si', 'co']",ju·rás·si·co,adjetivo,"['ʒu', 'ɾˈa', 'si', 'kʊ']",ʒu.ɾˈa.si.kʊ,3,antepenultima,ɾˈa,si,kʊ
jurema,"['ju', 're', 'ma']",ju·re·ma,nome feminino,"['ʒu', 'ɾˈẽ', 'mɐ']",ʒu.ɾˈẽ.mɐ,2,penultima,ʒu,ɾˈẽ,mɐ
júri,"['jú', 'ri']",jú·ri,nome masculino,"['ʒˈu', 'ɾɪ']",ʒˈu.ɾɪ,2,penultima,,ʒˈu,ɾɪ
juridicamente,"['ju', 'ri', 'di', 'ca', 'men', 'te']",ju·ri·di·ca·men·te,advérbio,"['ʒu', 'ɾi', 'dʒi', 'kã', 'mˈẽ', 'tʃɪ']",ʒu.ɾi.dʒi.kã.mˈẽ.tʃɪ,2,penultima,kã,mˈẽ,tʃɪ
juridicidade,"['ju', 'ri', 'di', 'ci', 'da', 'de']",ju·ri·di·ci·da·de,nome feminino,"['ʒu', 'ɾi', 'dʒi', 'si', 'dˈa', 'dʒɪ']",ʒu.ɾi.dʒi.si.dˈa.dʒɪ,2,penultima,si,dˈa,dʒɪ
jurídico,"['ju', 'rí', 'di', 'co']",ju·rí·di·co,adjetivo,"['ʒu', 'ɾˈi', 'dʒi', 'kʊ']",ʒu.ɾˈi.dʒi.kʊ,3,antepenultima,ɾˈi,dʒi,kʊ
jurídico-constitucional,"['ju', 'rí', 'di', 'co', 'cons', 'ti', 'tu', 'ci', 'o', 'nal']",ju·rí·di·co-cons·ti·tu·ci·o·nal,adjetivo,"['ʒu', 'ɾˌi', 'dʒi', 'ko', 'kõʃ', 'tʃi', 'tu', 'sjõ', 'nˈaw']",ʒu.ɾˌi.dʒi.ko.kõʃ.tʃi.tu.sjõ.nˈaw,1,ultima,tu,sjõ,nˈaw
jurisconsulto,"['ju', 'ris', 'con', 'sul', 'to']",ju·ris·con·sul·to,nome masculino,"['ʒu', 'ɾiʃ', 'kõ', 'sˈuw', 'tʊ']",ʒu.ɾiʃ.kõ.sˈuw.tʊ,2,penultima,kõ,sˈuw,tʊ
jurisdição,"['ju', 'ris', 'di', 'ção']",ju·ris·di·ção,nome feminino,"['ʒu', 'ɾiʒ', 'dʒi', 'sˈɐ̃w']",ʒu.ɾiʒ.dʒi.sˈɐ̃w,1,ultima,ɾiʒ,dʒi,sˈɐ̃w
jurisdicional,"['ju', 'ris', 'di', 'ci', 'o', 'nal']",ju·ris·di·ci·o·nal,adjetivo,"['ʒu', 'ɾiʒ', 'dʒi', 'sjõ', 'nˈaw']",ʒu.ɾiʒ.dʒi.sjõ.nˈaw,1,ultima,dʒi,sjõ,nˈaw
jurisprudência,"['ju', 'ris', 'pru', 'dên', 'ci', 'a']",ju·ris·pru·dên·ci·a,nome feminino,"['ʒu', 'ɾiʃ', 'pɾu', 'dˈẽ', 'sjɐ']",ʒu.ɾiʃ.pɾu.dˈẽ.sjɐ,3,antepenultima,pɾu,dˈẽ,sjɐ
jurisprudencial,"['ju', 'ris', 'pru', 'den', 'ci', 'al']",ju·ris·pru·den·ci·al,adjetivo,"['ʒu', 'ɾiʃ', 'pɾu', 'dẽ', 'si', 'ˈaw']",ʒu.ɾiʃ.pɾu.dẽ.si.ˈaw,1,ultima,dẽ,si,ˈaw
jurista,"['ju', 'ris', 'ta']",ju·ris·ta,nome masculino,"['ʒu', 'ɾˈiʃ', 'tɐ']",ʒu.ɾˈiʃ.tɐ,2,penultima,ʒu,ɾˈiʃ,tɐ
jurista,"['ju', 'ris', 'ta']",ju·ris·ta,nome feminino,"['ʒu', 'ɾˈiʃ', 'tɐ']",ʒu.ɾˈiʃ.tɐ,2,penultima,ʒu,ɾˈiʃ,tɐ
juro,"['ju', 'ro']",ju·ro,nome masculino,"['ʒˈu', 'ɾʊ']",ʒˈu.ɾʊ,2,penultima,,ʒˈu,ɾʊ
jus,['jus'],jus,nome masculino,['ʒˈuʃ'],ʒˈuʃ,1,ultima,,,ʒˈuʃ
jusante,"['ju', 'san', 'te']",ju·san·te,nome feminino,"['ʒu', 'zˈɐ̃', 'tʃɪ']",ʒu.zˈɐ̃.tʃɪ,2,penultima,ʒu,zˈɐ̃,tʃɪ
justa,"['jus', 'ta']",jus·ta,nome feminino,"['ʒˈuʃ', 'tɐ']",ʒˈuʃ.tɐ,2,penultima,,ʒˈuʃ,tɐ
justamente,"['jus', 'ta', 'men', 'te']",jus·ta·men·te,advérbio,"['ʒuʃ', 'tã', 'mˈẽ', 'tʃɪ']",ʒuʃ.tã.mˈẽ.tʃɪ,2,penultima,tã,mˈẽ,tʃɪ
justapor,"['jus', 'ta', 'por']",jus·ta·por,verbo,"['ʒuʃ', 'ta', 'pˈo']",ʒuʃ.ta.pˈo,1,ultima,ʒuʃ,ta,pˈo
justaposição,"['jus', 'ta', 'po', 'si', 'ção']",jus·ta·po·si·ção,nome feminino,"['ʒuʃ', 'ta', 'po', 'zi', 'sˈɐ̃w']",ʒuʃ.ta.po.zi.sˈɐ̃w,1,ultima,po,zi,sˈɐ̃w
justaposto,"['jus', 'ta', 'pos', 'to']",jus·ta·pos·to,adjetivo,"['ʒuʃ', 'ta', 'pˈoʃ', 'tʊ']",ʒuʃ.ta.pˈoʃ.tʊ,2,penultima,ta,pˈoʃ,tʊ
justar,"['jus', 'tar']",jus·tar,verbo,"['ʒuʃ', 'tˈa']",ʒuʃ.tˈa,1,ultima,,ʒuʃ,tˈa
justeza,"['jus', 'te', 'za']",jus·te·za,nome feminino,"['ʒuʃ', 'tˈe', 'zɐ']",ʒuʃ.tˈe.zɐ,2,penultima,ʒuʃ,tˈe,zɐ
justiça,"['jus', 'ti', 'ça']",jus·ti·ça,nome feminino,"['ʒuʃ', 'tʃˈi', 'sɐ']",ʒuʃ.tʃˈi.sɐ,2,penultima,ʒuʃ,tʃˈi,sɐ
justiçado,"['jus', 'ti', 'ça', 'do']",jus·ti·ça·do,adjetivo,"['ʒuʃ', 'tʃi', 'sˈa', 'dʊ']",ʒuʃ.tʃi.sˈa.dʊ,2,penultima,tʃi,sˈa,dʊ
justiçado,"['jus', 'ti', 'ça', 'do']",jus·ti·ça·do,nome masculino,"['ʒuʃ', 'tʃi', 'sˈa', 'dʊ']",ʒuʃ.tʃi.sˈa.dʊ,2,penultima,tʃi,sˈa,dʊ
justiçar,"['jus', 'ti', 'çar']",jus·ti·çar,verbo,"['ʒuʃ', 'tʃi', 'sˈa']",ʒuʃ.tʃi.sˈa,1,ultima,ʒuʃ,tʃi,sˈa
justiceira,"['jus', 'ti', 'cei', 'ra']",jus·ti·cei·ra,nome feminino,"['ʒuʃ', 'tʃi', 'sˈej', 'ɾɐ']",ʒuʃ.tʃi.sˈej.ɾɐ,2,penultima,tʃi,sˈej,ɾɐ
justiceiramente,"['jus', 'ti', 'cei', 'ra', 'men', 'te']",jus·ti·cei·ra·men·te,advérbio,"['ʒuʃ', 'tʃi', 'sej', 'ɾã', 'mˈẽ', 'tʃɪ']",ʒuʃ.tʃi.sej.ɾã.mˈẽ.tʃɪ,2,penultima,ɾã,mˈẽ,tʃɪ
justiceiro,"['jus', 'ti', 'cei', 'ro']",jus·ti·cei·ro,adjetivo,"['ʒuʃ', 'tʃi', 'sˈej', 'ɾʊ']",ʒuʃ.tʃi.sˈej.ɾʊ,2,penultima,tʃi,sˈej,ɾʊ
justiceiro,"['jus', 'ti', 'cei', 'ro']",jus·ti·cei·ro,nome masculino,"['ʒuʃ', 'tʃi', 'sˈej', 'ɾʊ']",ʒuʃ.tʃi.sˈej.ɾʊ,2,penultima,tʃi,sˈej,ɾʊ
justificação,"['jus', 'ti', 'fi', 'ca', 'ção']",jus·ti·fi·ca·ção,nome feminino,"['ʒuʃ', 'tʃi', 'fi', 'ka', 'sˈɐ̃w']",ʒuʃ.tʃi.fi.ka.sˈɐ̃w,1,ultima,fi,ka,sˈɐ̃w
justificadamente,"['jus', 'ti', 'fi', 'ca', 'da', 'men', 'te']",jus·ti·fi·ca·da·men·te,advérbio,"['ʒuʃ', 'tʃi', 'fi', 'ka', 'dã', 'mˈẽ', 'tʃɪ']",ʒuʃ.tʃi.fi.ka.dã.mˈẽ.tʃɪ,2,penultima,dã,mˈẽ,tʃɪ
justificado,"['jus', 'ti', 'fi', 'ca', 'do']",jus·ti·fi·ca·do,adjetivo,"['ʒuʃ', 'tʃi', 'fi', 'kˈa', 'dʊ']",ʒuʃ.tʃi.fi.kˈa.dʊ,2,penultima,fi,kˈa,dʊ
justificador,"['jus', 'ti', 'fi', 'ca', 'dor']",jus·ti·fi·ca·dor,adjetivo,"['ʒuʃ', 'tʃi', 'fi', 'ka', 'dˈo']",ʒuʃ.tʃi.fi.ka.dˈo,1,ultima,fi,ka,dˈo
justificador,"['jus', 'ti', 'fi', 'ca', 'dor']",jus·ti·fi·ca·dor,nome masculino,"['ʒuʃ', 'tʃi', 'fi', 'ka', 'dˈo']",ʒuʃ.tʃi.fi.ka.dˈo,1,ultima,fi,ka,dˈo
justificadora,"['jus', 'ti', 'fi', 'ca', 'do', 'ra']",jus·ti·fi·ca·do·ra,nome feminino,"['ʒuʃ', 'tʃi', 'fi', 'ka', 'dˈo', 'ɾɐ']",ʒuʃ.tʃi.fi.ka.dˈo.ɾɐ,2,penultima,ka,dˈo,ɾɐ
justificar,"['jus', 'ti', 'fi', 'car']",jus·ti·fi·car,verbo,"['ʒuʃ', 'tʃi', 'fi', 'kˈa']",ʒuʃ.tʃi.fi.kˈa,1,ultima,tʃi,fi,kˈa
justificativa,"['jus', 'ti', 'fi', 'ca', 'ti', 'va']",jus·ti·fi·ca·ti·va,nome feminino,"['ʒuʃ', 'tʃi', 'fi', 'ka', 'tʃˈi', 'vɐ']",ʒuʃ.tʃi.fi.ka.tʃˈi.vɐ,2,penultima,ka,tʃˈi,vɐ
justificativo,"['jus', 'ti', 'fi', 'ca', 'ti', 'vo']",jus·ti·fi·ca·ti·vo,adjetivo,"['ʒuʃ', 'tʃi', 'fi', 'ka', 'tʃˈi', 'vʊ']",ʒuʃ.tʃi.fi.ka.tʃˈi.vʊ,2,penultima,ka,tʃˈi,vʊ
justificativo,"['jus', 'ti', 'fi', 'ca', 'ti', 'vo']",jus·ti·fi·ca·ti·vo,nome masculino,"['ʒuʃ', 'tʃi', 'fi', 'ka', 'tʃˈi', 'vʊ']",ʒuʃ.tʃi.fi.ka.tʃˈi.vʊ,2,penultima,ka,tʃˈi,vʊ
justificável,"['jus', 'ti', 'fi', 'cá', 'vel']",jus·ti·fi·cá·vel,adjetivo,"['ʒuʃ', 'tʃi', 'fi', 'kˈa', 'vew']",ʒuʃ.tʃi.fi.kˈa.vew,2,penultima,fi,kˈa,vew
justiniano,"['jus', 'ti', 'ni', 'a', 'no']",jus·ti·ni·a·no,adjetivo,"['ʒuʃ', 'tʃĩ', 'ni', 'ˈɐ̃', 'nʊ']",ʒuʃ.tʃĩ.ni.ˈɐ̃.nʊ,2,penultima,ni,ˈɐ̃,nʊ
justíssimo,"['jus', 'tís', 'si', 'mo']",jus·tís·si·mo,adjetivo,"['ʒuʃ', 'tʃˈi', 'sĩ', 'mʊ']",ʒuʃ.tʃˈi.sĩ.mʊ,3,antepenultima,tʃˈi,sĩ,mʊ
justo,"['jus', 'to']",jus·to,nome masculino,"['ʒˈuʃ', 'tʊ']",ʒˈuʃ.tʊ,2,penultima,,ʒˈuʃ,tʊ
justo,"['jus', 'to']",jus·to,adjetivo,"['ʒˈuʃ', 'tʊ']",ʒˈuʃ.tʊ,2,penultima,,ʒˈuʃ,tʊ
juta,"['ju', 'ta']",ju·ta,nome feminino,"['ʒˈu', 'tɐ']",ʒˈu.tɐ,2,penultima,,ʒˈu,tɐ
juvenil,"['ju', 've', 'nil']",ju·ve·nil,adjetivo,"['ʒu', 'vẽ', 'nˈiw']",ʒu.vẽ.nˈiw,1,ultima,ʒu,vẽ,nˈiw
juvenil,"['ju', 've', 'nil']",ju·ve·nil,nome masculino,"['ʒu', 'vẽ', 'nˈiw']",ʒu.vẽ.nˈiw,1,ultima,ʒu,vẽ,nˈiw
juvenil,"['ju', 've', 'nil']",ju·ve·nil,nome feminino,"['ʒu', 'vẽ', 'nˈiw']",ʒu.vẽ.nˈiw,1,ultima,ʒu,vẽ,nˈiw
juvenilidade,"['ju', 've', 'ni', 'li', 'da', 'de']",ju·ve·ni·li·da·de,nome feminino,"['ʒu', 'vẽ', 'ni', 'li', 'dˈa', 'dʒɪ']",ʒu.vẽ.ni.li.dˈa.dʒɪ,2,penultima,li,dˈa,dʒɪ
juvenilmente,"['ju', 've', 'nil', 'men', 'te']",ju·ve·nil·men·te,advérbio,"['ʒu', 'vẽ', 'niw', 'mˈẽ', 'tʃɪ']",ʒu.vẽ.niw.mˈẽ.tʃɪ,2,penultima,niw,mˈẽ,tʃɪ
juventude,"['ju', 'ven', 'tu', 'de']",ju·ven·tu·de,nome feminino,"['ʒu', 'vẽ', 'tˈu', 'dʒɪ']",ʒu.vẽ.tˈu.dʒɪ,2,penultima,vẽ,tˈu,dʒɪ
