palavra,divisao,categoria,fonetica,tonic
quadra,"['qua', 'dra']",nome feminino,"['kwˈa', 'dɾɐ']",2
quadradinho,"['qua', 'dra', 'di', 'nho']",nome masculino,"['kwa', 'dɾa', 'dʒˈĩ', 'ɲʊ']",2
quadrado,"['qua', 'dra', 'do']",adjetivo,"['kwa', 'dɾˈa', 'dʊ']",2
quadrado,"['qua', 'dra', 'do']",nome masculino,"['kwa', 'dɾˈa', 'dʊ']",2
quadragenário,"['qua', 'dra', 'ge', 'ná', 'ri', 'o']",adjetivo,"['kwa', 'dɾa', 'ʒẽ', 'nˈa', 'ɾjʊ']",3
quadragenário,"['qua', 'dra', 'ge', 'ná', 'ri', 'o']",nome masculino,"['kwa', 'dɾa', 'ʒẽ', 'nˈa', 'ɾjʊ']",3
quadragésima,"['qua', 'dra', 'gé', 'si', 'ma']",nome feminino,"['kwa', 'dɾa', 'ʒˈɛ', 'zĩ', 'mɐ']",3
quadragésimo,"['qua', 'dra', 'gé', 'si', 'mo']",número,"['kwa', 'dɾa', 'ʒˈɛ', 'zĩ', 'mʊ ou kwa', 'dɾa', 'ʒˈɛ', 'zĩ', 'mʊ']",3
quadragésimo,"['qua', 'dra', 'gé', 'si', 'mo']",nome masculino,"['kwa', 'dɾa', 'ʒˈɛ', 'zĩ', 'mʊ']",3
quadrangular,"['qua', 'dran', 'gu', 'lar']",nome masculino,"['kwa', 'dɾɐ̃', 'gu', 'lˈa']",1
quadrangular,"['qua', 'dran', 'gu', 'lar']",adjetivo,"['kwa', 'dɾɐ̃', 'gu', 'lˈa']",1
quadrante,"['qua', 'dran', 'te']",nome masculino,"['kwa', 'dɾˈɐ̃', 'tʃɪ']",2
quadrar,"['qua', 'drar']",verbo,"['kwa', 'dɾˈa']",1
quadratura,"['qua', 'dra', 'tu', 'ra']",nome feminino,"['kwa', 'dɾa', 'tˈu', 'ɾɐ']",2
quadricromia,"['qua', 'dri', 'cro', 'mi', 'a']",nome feminino,"['kwa', 'dɾi', 'kɾõ', 'mˈi', 'ɐ']",2
quadrícula,"['qua', 'drí', 'cu', 'la']",nome feminino,"['kwa', 'dɾˈi', 'ku', 'lɐ']",3
quadriculado,"['qua', 'dri', 'cu', 'la', 'do']",adjetivo,"['kwa', 'dɾi', 'ku', 'lˈa', 'dʊ']",2
quadriculado,"['qua', 'dri', 'cu', 'la', 'do']",nome masculino,"['kwa', 'dɾi', 'ku', 'lˈa', 'dʊ']",2
quadricular,"['qua', 'dri', 'cu', 'lar']",verbo,"['kwa', 'dɾi', 'ku', 'lˈa']",1
quadricular,"['qua', 'dri', 'cu', 'lar']",adjetivo,"['kwa', 'dɾi', 'ku', 'lˈa']",1
quadrienal,"['qua', 'dri', 'e', 'nal']",adjetivo,"['kwa', 'dɾi', 'ẽ', 'nˈaw']",1
quadrienalmente,"['qua', 'dri', 'e', 'nal', 'men', 'te']",advérbio,"['kwa', 'dɾi', 'ẽ', 'naw', 'mˈẽ', 'tʃɪ']",2
quadriénio,"['qua', 'dri', 'é', 'ni', 'o']",nome masculino,"['kwa', 'dɾi', 'ˈɛ̃', 'njʊ']",3
quadrifonia,"['qua', 'dri', 'fo', 'ni', 'a']",nome feminino,"['kwa', 'dɾi', 'fõ', 'nˈi', 'ɐ']",2
quadriga,"['qua', 'dri', 'ga']",nome feminino,"['kwa', 'dɾˈi', 'gɐ']",2
quadril,"['qua', 'dril']",nome masculino,"['kwa', 'dɾˈiw']",1
quadrilateral,"['qua', 'dri', 'la', 'te', 'ral']",adjetivo,"['kwa', 'dɾi', 'la', 'te', 'ɾˈaw']",1
quadrilátero,"['qua', 'dri', 'lá', 'te', 'ro']",nome masculino,"['kwa', 'dɾi', 'lˈa', 'te', 'ɾʊ']",3
quadrilátero,"['qua', 'dri', 'lá', 'te', 'ro']",adjetivo,"['kwa', 'dɾi', 'lˈa', 'te', 'ɾʊ']",3
quadrilha,"['qua', 'dri', 'lha']",nome feminino,"['kwa', 'dɾˈi', 'ʎɐ']",2
quadrilhar,"['qua', 'dri', 'lhar']",verbo,"['kwa', 'dɾi', 'ʎˈa']",1
quadrilheiro,"['qua', 'dri', 'lhei', 'ro']",nome masculino,"['kwa', 'dɾi', 'ʎˈej', 'ɾʊ']",2
quadrilheiro,"['qua', 'dri', 'lhei', 'ro']",adjetivo,"['kwa', 'dɾi', 'ʎˈej', 'ɾʊ']",2
quadrimestral,"['qua', 'dri', 'mes', 'tral']",adjetivo,"['kwa', 'dɾĩ', 'meʃ', 'tɾˈaw']",1
quadrimestralmente,"['qua', 'dri', 'mes', 'tral', 'men', 'te']",advérbio,"['kwa', 'dɾĩ', 'meʃ', 'tɾaw', 'mˈẽ', 'tʃɪ']",2
quadrimestre,"['qua', 'dri', 'mes', 'tre']",nome masculino,"['kwa', 'dɾĩ', 'mˈɛʃ', 'tɾɪ']",2
quadrimotor,"['qua', 'dri', 'mo', 'tor']",nome masculino,"['kwa', 'dɾĩ', 'mo', 'tˈo']",1
quadrimotor,"['qua', 'dri', 'mo', 'tor']",adjetivo,"['kwa', 'dɾĩ', 'mo', 'tˈo']",1
quadripartido,"['qua', 'dri', 'par', 'ti', 'do']",adjetivo,"['kwa', 'dɾi', 'pah', 'tʃˈi', 'dʊ']",2
quadro,"['qua', 'dro']",nome masculino,"['kwˈa', 'dɾʊ']",2
quadrúpede,"['qua', 'drú', 'pe', 'de']",nome masculino,"['kwa', 'dɾˈu', 'pe', 'dʒɪ ou kwa', 'dɾˈu', 'pe', 'dʒɪ']",3
quadrúpede,"['qua', 'drú', 'pe', 'de']",adjetivo,"['kwa', 'dɾˈu', 'pe', 'dʒɪ']",3
quadruplar,"['qua', 'dru', 'plar']",verbo,"['kwa', 'dɾu', 'plˈa']",1
quadruplicação,"['qua', 'dru', 'pli', 'ca', 'ção']",nome feminino,"['kwa', 'dɾu', 'pli', 'ka', 'sˈɐ̃w']",1
quadruplicar,"['qua', 'dru', 'pli', 'car']",verbo,"['kwa', 'dɾu', 'pli', 'kˈa']",1
quádruplo,"['quá', 'dru', 'plo']",número,"['kwˈa', 'dɾu', 'plʊ']",3
quádruplo,"['quá', 'dru', 'plo']",nome masculino,"['kwˈa', 'dɾu', 'plʊ']",3
quádruplo,"['quá', 'dru', 'plo']",adjetivo,"['kwˈa', 'dɾu', 'plʊ']",3
qual,['qual'],pronome,['kwˈaw'],1
qual,['qual'],artigo,['kwˈaw'],1
qual,['qual'],pronome,['kwˈaw'],1
qual,['qual'],conjunção,['kwˈaw'],1
qual,['qual'],interjeição,['kwˈaw'],1
qualidade,"['qua', 'li', 'da', 'de']",nome feminino,"['kwa', 'li', 'dˈa', 'dʒɪ']",2
qualificação,"['qua', 'li', 'fi', 'ca', 'ção']",nome feminino,"['kwa', 'li', 'fi', 'ka', 'sˈɐ̃w']",1
qualificadamente,"['qua', 'li', 'fi', 'ca', 'da', 'men', 'te']",advérbio,"['kwa', 'li', 'fi', 'ka', 'dã', 'mˈẽ', 'tʃɪ']",2
qualificado,"['qua', 'li', 'fi', 'ca', 'do']",adjetivo,"['kwa', 'li', 'fi', 'kˈa', 'dʊ']",2
qualificador,"['qua', 'li', 'fi', 'ca', 'dor']",adjetivo,"['kwa', 'li', 'fi', 'ka', 'dˈo']",1
qualificador,"['qua', 'li', 'fi', 'ca', 'dor']",nome masculino,"['kwa', 'li', 'fi', 'ka', 'dˈo']",1
qualificar,"['qua', 'li', 'fi', 'car']",verbo,"['kwa', 'li', 'fi', 'kˈa']",1
qualificativamente,"['qua', 'li', 'fi', 'ca', 'ti', 'va', 'men', 'te']",advérbio,"['kwa', 'li', 'fi', 'ka', 'tʃi', 'vã', 'mˈẽ', 'tʃɪ']",2
qualificativo,"['qua', 'li', 'fi', 'ca', 'ti', 'vo']",adjetivo,"['kwa', 'li', 'fi', 'ka', 'tʃˈi', 'vʊ']",2
qualificativo,"['qua', 'li', 'fi', 'ca', 'ti', 'vo']",nome masculino,"['kwa', 'li', 'fi', 'ka', 'tʃˈi', 'vʊ']",2
qualificável,"['qua', 'li', 'fi', 'cá', 'vel']",adjetivo,"['kwa', 'li', 'fi', 'kˈa', 'vew']",2
qualitativamente,"['qua', 'li', 'ta', 'ti', 'va', 'men', 'te']",advérbio,"['kwa', 'li', 'ta', 'tʃi', 'vã', 'mˈẽ', 'tʃɪ']",2
qualitativo,"['qua', 'li', 'ta', 'ti', 'vo']",adjetivo,"['kwa', 'li', 'ta', 'tʃˈi', 'vʊ']",2
qualquer,"['qual', 'quer']",artigo,"['kwaw', 'kˈɛɾ']",1
quando,"['quan', 'do']",conjunção,"['kwˈɐ̃', 'dʊ']",2
quando,"['quan', 'do']",advérbio,"['kwˈɐ̃', 'dʊ']",2
quanta,"['quan', 'ta']",nome masculino,"['kwˈɐ̃', 'tɐ']",2
quantia,"['quan', 'ti', 'a']",nome feminino,"['kwɐ̃', 'tʃˈi', 'ɐ']",2
quantiar,"['quan', 'ti', 'ar']",verbo,"['kwɐ̃', 'tʃi', 'ˈa']",1
quântico,"['quân', 'ti', 'co']",adjetivo,"['kwˈɐ̃', 'tʃi', 'kʊ']",3
quantidade,"['quan', 'ti', 'da', 'de']",nome feminino,"['kwɐ̃', 'tʃi', 'dˈa', 'dʒɪ']",2
quantificação,"['quan', 'ti', 'fi', 'ca', 'ção']",nome feminino,"['kwɐ̃', 'tʃi', 'fi', 'ka', 'sˈɐ̃w']",1
quantificado,"['quan', 'ti', 'fi', 'ca', 'do']",adjetivo,"['kwɐ̃', 'tʃi', 'fi', 'kˈa', 'dʊ']",2
quantificar,"['quan', 'ti', 'fi', 'car']",verbo,"['kwɐ̃', 'tʃi', 'fi', 'kˈa']",1
quantificável,"['quan', 'ti', 'fi', 'cá', 'vel']",adjetivo,"['kwɐ̃', 'tʃi', 'fi', 'kˈa', 'vew']",2
quantitativamente,"['quan', 'ti', 'ta', 'ti', 'va', 'men', 'te']",advérbio,"['kwɐ̃', 'tʃi', 'ta', 'tʃi', 'vã', 'mˈẽ', 'tʃɪ']",2
quantitativo,"['quan', 'ti', 'ta', 'ti', 'vo']",adjetivo,"['kwɐ̃', 'tʃi', 'ta', 'tʃˈi', 'vʊ']",2
quantitativo,"['quan', 'ti', 'ta', 'ti', 'vo']",nome masculino,"['kwɐ̃', 'tʃi', 'ta', 'tʃˈi', 'vʊ']",2
quanto,"['quan', 'to']",nome masculino,"['kwˈɐ̃', 'tʊ']",2
quanto,"['quan', 'to']",advérbio,"['kwˈɐ̃', 'tʊ']",2
quanto,"['quan', 'to']",artigo,"['kwˈɐ̃', 'tʊ']",2
quanto,"['quan', 'to']",pronome,"['kwˈɐ̃', 'tʊ']",2
quanto,"['quan', 'to']",pronome,"['kwˈɐ̃', 'tʊ']",2
quantum,"['quan', 'tum']",nome masculino,"['kwɐ̃', 'tˈũ']",1
quanza,"['quan', 'za']",nome masculino,"['kwˈɐ̃', 'zɐ']",2
quão,"['qu', 'ão']",advérbio,"['ku', 'ˈɐ̃w']",1
quarenta,"['qua', 'ren', 'ta']",nome masculino,"['kwa', 'ɾˈẽ', 'tɐ']",2
quarenta,"['qua', 'ren', 'ta']",número,"['kwa', 'ɾˈẽ', 'tɐ']",2
quarentão,"['qua', 'ren', 'tão']",adjetivo,"['kwa', 'ɾẽ', 'tˈɐ̃w']",1
quarentão,"['qua', 'ren', 'tão']",nome masculino,"['kwa', 'ɾẽ', 'tˈɐ̃w']",1
quarentar,"['qua', 'ren', 'tar']",verbo,"['kwa', 'ɾẽ', 'tˈa']",1
quarentena,"['qua', 'ren', 'te', 'na']",nome feminino,"['kwa', 'ɾẽ', 'tˈɛ̃', 'nɐ']",2
quarentenar,"['qua', 'ren', 'te', 'nar']",verbo,"['kwa', 'ɾẽ', 'tẽ', 'nˈa']",1
quarentona,"['qua', 'ren', 'to', 'na']",nome feminino,"['kwa', 'ɾẽ', 'tˈõ', 'nɐ']",2
quaresma,"['qua', 'res', 'ma']",nome feminino,"['kwa', 'ɾˈeʒ', 'mɐ']",2
quaresmal,"['qua', 'res', 'mal']",adjetivo,"['kwa', 'ɾeʒ', 'mˈaw']",1
quaresmalmente,"['qua', 'res', 'mal', 'men', 'te']",advérbio,"['kwa', 'ɾeʒ', 'maw', 'mˈẽ', 'tʃɪ']",2
quaresmar,"['qua', 'res', 'mar']",verbo,"['kwa', 'ɾeʒ', 'mˈa']",1
quark,['quark'],nome masculino,[''],1
quarta,"['quar', 'ta']",nome feminino,"['kwˈah', 'tɐ']",2
quarta-feira,"['quar', 'ta', 'fei', 'ra']",nome feminino,"['kwˌah', 'tɐ', 'fˈej', 'ɾɐ']",2
quarta-feira,"['quar', 'ta', 'fei', 'ra']",adjetivo,"['kwˌah', 'tɐ', 'fˈej', 'ɾɐ']",2
quartanista,"['quar', 'ta', 'nis', 'ta']",nome masculino,"['kwah', 'tã', 'nˈiʃ', 'tɐ']",2
quartanista,"['quar', 'ta', 'nis', 'ta']",nome feminino,"['kwah', 'tã', 'nˈiʃ', 'tɐ']",2
quartão,"['quar', 'tão']",nome masculino,"['kwah', 'tˈɐ̃w']",1
quartar,"['quar', 'tar']",verbo,"['kwah', 'tˈa']",1
quartear,"['quar', 'te', 'ar']",verbo,"['kwah', 'tʃi', 'ˈa']",1
quarteio,"['quar', 'tei', 'o']",nome masculino,"['kwah', 'tˈej', 'ʊ']",2
quarteirão,"['quar', 'tei', 'rão']",nome masculino,"['kwah', 'tej', 'ɾˈɐ̃w']",1
quartel,"['quar', 'tel']",nome masculino,"['kwah', 'tˈɛw']",1
quartel-general,"['quar', 'tel', 'ge', 'ne', 'ral']",nome masculino,"['kwah', 'tˌɛw', 'ʒẽ', 'ne', 'ɾˈaw']",1
quartel-mestre,"['quar', 'tel', 'mes', 'tre']",nome masculino,"['kwah', 'tˌɛw', 'mˈɛʃ', 'tɾɪ']",2
quartelada,"['quar', 'te', 'la', 'da']",nome feminino,"['kwah', 'te', 'lˈa', 'dɐ']",2
quarteto,"['quar', 'te', 'to']",nome masculino,"['kwah', 'tˈe', 'tʊ']",2
quartil,"['quar', 'til']",nome masculino,"['kwah', 'tʃˈiw']",1
quartil,"['quar', 'til']",adjetivo,"['kwah', 'tʃˈiw']",1
quartilhar,"['quar', 'ti', 'lhar']",verbo,"['kwah', 'tʃi', 'ʎˈa']",1
quartilho,"['quar', 'ti', 'lho']",nome masculino,"['kwah', 'tʃˈi', 'ʎʊ']",2
quartinho,"['quar', 'ti', 'nho']",nome masculino,"['kwah', 'tʃˈĩ', 'ɲʊ']",2
quarto,"['quar', 'to']",nome masculino,"['kwˈah', 'tʊ']",2
quarto,"['quar', 'to']",número,"['kwˈah', 'tʊ']",2
quarto,"['quar', 'to']",número,"['kwˈah', 'tʊ']",2
quarto de final,"['quar', 'to de fi', 'nal']",nome masculino,"['kwˌah', 'tʊ', 'dʒi', 'fĩ', 'nˈaw']",1
quartos de final,"['quar', 'tos de fi', 'nal']",nome masculino,"['kwˌah', 'tʊʒ', 'dʒi', 'fĩ', 'nˈaw']",1
quartzito,"['quart', 'zi', 'to']",nome masculino,"['kwah', 'ti', 'zˈi', 'tʊ']",2
quartzo,"['quart', 'zo']",nome masculino,"['kwˈah', 'tə', 'zʊ']",2
quasar,"['qua', 'sar']",nome masculino,"['kwa', 'zˈa']",1
quase,"['qua', 'se']",advérbio,"['kwˈa', 'zɪ']",2
quaternário,"['qua', 'ter', 'ná', 'ri', 'o']",adjetivo,"['kwa', 'teɦ', 'nˈa', 'ɾjʊ']",3
quatorze,"['qua', 'tor', 'ze']",número,"['kwa', 'tˈoɦ', 'zɪ']",2
quatorze,"['qua', 'tor', 'ze']",nome masculino,"['kwa', 'tˈoɦ', 'zɪ']",2
quatriénio,"['qua', 'tri', 'é', 'ni', 'o']",nome masculino,"['kwa', 'tɾi', 'ˈɛ̃', 'njʊ']",3
quatrilião,"['qua', 'tri', 'li', 'ão']",nome masculino,"['kwa', 'tɾi', 'li', 'ˈɐ̃w']",1
quatro,"['qua', 'tro']",nome masculino,"['kwˈa', 'tɾʊ']",2
quatro,"['qua', 'tro']",número,"['kwˈah', 'tʊ']",2
quatrocentista,"['qua', 'tro', 'cen', 'tis', 'ta']",nome masculino,"['kwa', 'tɾo', 'sẽ', 'tʃˈiʃ', 'tɐ']",2
quatrocentista,"['qua', 'tro', 'cen', 'tis', 'ta']",adjetivo,"['kwa', 'tɾo', 'sẽ', 'tʃˈiʃ', 'tɐ']",2
quatrocentista,"['qua', 'tro', 'cen', 'tis', 'ta']",nome feminino,"['kwa', 'tɾo', 'sẽ', 'tʃˈiʃ', 'tɐ']",2
quatrocentos,"['qua', 'tro', 'cen', 'tos']",número,"['kwa', 'tɾo', 'sˈẽ', 'tʊʃ']",2
quatrocentos,"['qua', 'tro', 'cen', 'tos']",nome masculino,"['kwa', 'tɾo', 'sˈẽ', 'tʊʃ']",2
que,['que'],pronome,['kɪ'],1
quê,['quê'],nome masculino,['kˈe'],1
que,['que'],conjunção,['kɪ'],1
que,['que'],advérbio,['kɪ'],1
quê,['quê'],pronome,['kˈe'],1
que,['que'],pronome,['kɪ'],1
que,['que'],artigo,['kˈi'],1
quebequense,"['que', 'be', 'quen', 'se']",adjetivo,"['ke', 'be', 'kˈẽ', 'sɪ']",2
quebequense,"['que', 'be', 'quen', 'se']",nome masculino,"['ke', 'be', 'kˈẽ', 'sɪ']",2
quebequense,"['que', 'be', 'quen', 'se']",nome feminino,"['ke', 'be', 'kˈẽ', 'sɪ']",2
quebra,"['que', 'bra']",adjetivo,"['kˈɛ', 'bɾɐ']",2
quebra,"['que', 'bra']",nome masculino,"['kˈɛ', 'bɾɐ']",2
quebra,"['que', 'bra']",nome feminino,"['kˈɛ', 'bɾɐ']",2
quebra-cabeça,"['que', 'bra', 'ca', 'be', 'ça']",nome masculino,"['kˌɛ', 'bɾɐ', 'ka', 'bˈe', 'sɐ']",2
quebra-cabeças,"['que', 'bra', 'ca', 'be', 'ças']",nome masculino,"['kˌɛ', 'bɾɐ', 'ka', 'bˈe', 'sɐʃ']",2
quebra-costas,"['que', 'bra', 'cos', 'tas']",nome masculino,"['kˌɛ', 'bɾɐ', 'kˈɔʃ', 'tɐʃ']",2
quebra-gelo,"['que', 'bra', 'ge', 'lo']",nome masculino,"['kˌɛ', 'bɾɐ', 'ʒˈe', 'lʊ']",2
quebra-luz,"['que', 'bra', 'luz']",nome masculino,"['kˌɛ', 'bɾɐ', 'lˈuʃ']",1
quebra-mar,"['que', 'bra', 'mar']",nome masculino,"['kˌɛ', 'bɾɐ', 'mˈa']",1
quebra-nozes,"['que', 'bra', 'no', 'zes']",nome masculino,"['kˌɛ', 'bɾɐ', 'nˈɔ', 'zɪʃ']",2
quebrada,"['que', 'bra', 'da']",nome feminino,"['ke', 'bɾˈa', 'dɐ']",2
quebradamente,"['que', 'bra', 'da', 'men', 'te']",advérbio,"['ke', 'bɾa', 'dã', 'mˈẽ', 'tʃɪ']",2
quebradiço,"['que', 'bra', 'di', 'ço']",adjetivo,"['ke', 'bɾa', 'dʒˈi', 'sʊ']",2
quebrado,"['que', 'bra', 'do']",nome masculino,"['ke', 'bɾˈa', 'dʊ']",2
quebrado,"['que', 'bra', 'do']",adjetivo,"['ke', 'bɾˈa', 'dʊ']",2
quebramento,"['que', 'bra', 'men', 'to']",nome masculino,"['ke', 'bɾã', 'mˈẽ', 'tʊ']",2
quebrantado,"['que', 'bran', 'ta', 'do']",adjetivo,"['ke', 'bɾɐ̃', 'tˈa', 'dʊ']",2
quebrantar,"['que', 'bran', 'tar']",verbo,"['ke', 'bɾɐ̃', 'tˈa']",1
quebranto,"['que', 'bran', 'to']",nome masculino,"['ke', 'bɾˈɐ̃', 'tʊ']",2
quebrar,"['que', 'brar']",verbo,"['ke', 'bɾˈa']",1
quebrável,"['que', 'brá', 'vel']",adjetivo,"['ke', 'bɾˈa', 'vew']",2
quebro,"['que', 'bro']",nome masculino,"['kˈɛ', 'bɾʊ']",2
queca,"['que', 'ca']",nome feminino,"['kˈɛ', 'kɐ']",2
queda,"['que', 'da']",nome feminino,"['kˈɛ', 'dɐ']",2
quedar,"['que', 'dar']",verbo,"['ke', 'dˈa']",1
quede,"['que', 'de']",advérbio,"['kˈɛ', 'dʒɪ']",2
quedo,"['que', 'do']",adjetivo,"['kˈe', 'dʊ']",2
queijada,"['quei', 'ja', 'da']",nome feminino,"['kej', 'ʒˈa', 'dɐ']",2
queijar,"['quei', 'jar']",verbo,"['kej', 'ʒˈa']",1
queijaria,"['quei', 'ja', 'ri', 'a']",nome feminino,"['kej', 'ʒa', 'ɾˈi', 'ɐ']",2
queijeira,"['quei', 'jei', 'ra']",nome feminino,"['kej', 'ʒˈej', 'ɾɐ']",2
queijeiro,"['quei', 'jei', 'ro']",nome masculino,"['kej', 'ʒˈej', 'ɾʊ']",2
queijeiro,"['quei', 'jei', 'ro']",adjetivo,"['kej', 'ʒˈej', 'ɾʊ']",2
queijinho,"['quei', 'ji', 'nho']",nome masculino,"['kej', 'ʒˈĩ', 'ɲʊ']",2
queijo,"['quei', 'jo']",nome masculino,"['kˈej', 'ʒʊ']",2
queima,"['quei', 'ma']",nome feminino,"['kˈẽj', 'mɐ']",2
queima,"['quei', 'ma']",nome masculino,"['kˈẽj', 'mɐ']",2
queima-roupa,"['quei', 'ma', 'rou', 'pa']",nome feminino,"['kˌẽj', 'mɐ', 'ɦˈo', 'pɐ']",2
queimada,"['quei', 'ma', 'da']",nome feminino,"['kẽj', 'mˈa', 'dɐ']",2
queimadela,"['quei', 'ma', 'de', 'la']",nome feminino,"['kẽj', 'ma', 'dˈɛ', 'lɐ']",2
queimado,"['quei', 'ma', 'do']",adjetivo,"['kẽj', 'mˈa', 'dʊ']",2
queimado,"['quei', 'ma', 'do']",nome masculino,"['kẽj', 'mˈa', 'dʊ']",2
queimador,"['quei', 'ma', 'dor']",nome masculino,"['kẽj', 'ma', 'dˈo']",1
queimador,"['quei', 'ma', 'dor']",adjetivo,"['kẽj', 'ma', 'dˈo']",1
queimadura,"['quei', 'ma', 'du', 'ra']",nome feminino,"['kẽj', 'ma', 'dˈu', 'ɾɐ']",2
queimar,"['quei', 'mar']",verbo,"['kẽj', 'mˈa']",1
queimo,"['quei', 'mo']",nome masculino,"['kˈẽj', 'mʊ']",2
queimoso,"['quei', 'mo', 'so']",adjetivo,"['kẽj', 'mˈo', 'zʊ']",2
queiró,"['quei', 'ró']",nome feminino,"['kej', 'ɾˈɔ']",1
queiroga,"['quei', 'ro', 'ga']",nome feminino,"['kej', 'ɾˈɔ', 'gɐ']",2
queixa,"['quei', 'xa']",nome feminino,"['kˈej', 'ʃɐ']",2
queixa-crime,"['quei', 'xa', 'cri', 'me']",nome feminino,"['kˌej', 'ʃɐ', 'kɾˈĩ', 'mɪ']",2
queixada,"['quei', 'xa', 'da']",nome feminino,"['kej', 'ʃˈa', 'dɐ']",2
queixar,"['quei', 'xar']",verbo,"['kej', 'ʃˈa']",1
queixo,"['quei', 'xo']",nome masculino,"['kˈej', 'ʃʊ']",2
queixosa,"['quei', 'xo', 'sa']",nome feminino,"['kej', 'ʃˈɔ', 'zɐ']",2
queixosamente,"['quei', 'xo', 'sa', 'men', 'te']",advérbio,"['kej', 'ʃɔ', 'zã', 'mˈẽ', 'tʃɪ']",2
queixoso,"['quei', 'xo', 'so']",adjetivo,"['kej', 'ʃˈo', 'zʊ']",2
queixoso,"['quei', 'xo', 'so']",nome masculino,"['kej', 'ʃˈo', 'zʊ']",2
queixume,"['quei', 'xu', 'me']",nome masculino,"['kej', 'ʃˈũ', 'mɪ']",2
quejando,"['que', 'jan', 'do']",adjetivo,"['ke', 'ʒˈɐ̃', 'dʊ']",2
quejando,"['que', 'jan', 'do']",nome masculino,"['ke', 'ʒˈɐ̃', 'dʊ']",2
quele,"['que', 'le']",nome masculino,"['kˈɛ', 'lɪ']",2
quelha,"['que', 'lha']",nome feminino,"['kˈe', 'ʎɐ']",2
quelimane,"['que', 'li', 'ma', 'ne']",nome masculino,"['ke', 'lĩ', 'mˈɐ̃', 'nɪ']",2
quelimane,"['que', 'li', 'ma', 'ne']",adjetivo,"['ke', 'lĩ', 'mˈɐ̃', 'nɪ']",2
quelimane,"['que', 'li', 'ma', 'ne']",nome feminino,"['ke', 'lĩ', 'mˈɐ̃', 'nɪ']",2
quem,['quem'],pronome,['kˈẽj'],1
quem,['quem'],pronome,['kˈẽj'],1
quem,['quem'],pronome,['kˈẽj'],1
queniana,"['que', 'ni', 'a', 'na']",nome feminino,"['kẽ', 'ni', 'ˈɐ̃', 'nɐ']",2
queniano,"['que', 'ni', 'a', 'no']",adjetivo,"['kẽ', 'ni', 'ˈɐ̃', 'nʊ']",2
queniano,"['que', 'ni', 'a', 'no']",nome masculino,"['kẽ', 'ni', 'ˈɐ̃', 'nʊ']",2
quentar,"['quen', 'tar']",verbo,"['kẽ', 'tˈa']",1
quente,"['quen', 'te']",nome masculino,"['kˈẽ', 'tʃɪ']",2
quente,"['quen', 'te']",adjetivo,"['kˈẽ', 'tʃɪ']",2
quentura,"['quen', 'tu', 'ra']",nome feminino,"['kẽ', 'tˈu', 'ɾɐ']",2
quépi,"['qué', 'pi']",nome masculino,"['kˈɛ', 'pɪ']",2
queque,"['que', 'que']",nome masculino,"['kˈɛ', 'kɪ']",2
queque,"['que', 'que']",adjetivo,"['kˈɛ', 'kɪ']",2
quer,['quer'],conjunção,['kˈeɾ'],1
querar,"['que', 'rar']",verbo,"['ke', 'ɾˈa']",1
queratite,"['que', 'ra', 'ti', 'te']",nome feminino,"['ke', 'ɾa', 'tʃˈi', 'tʃɪ']",2
queratotomia,"['que', 'ra', 'to', 'to', 'mi', 'a']",nome feminino,"['ke', 'ɾa', 'tɔ', 'tõ', 'mˈi', 'ɐ']",2
querco,"['quer', 'co']",nome masculino,"['kwˈɛh', 'kʊ']",2
querela,"['que', 're', 'la']",nome feminino,"['ke', 'ɾˈe', 'lɐ']",2
querelar,"['que', 're', 'lar']",verbo,"['ke', 'ɾe', 'lˈa']",1
querena,"['que', 're', 'na']",nome feminino,"['ke', 'ɾˈẽ', 'nɐ']",2
querenar,"['que', 're', 'nar']",verbo,"['ke', 'ɾẽ', 'nˈa']",1
querença,"['que', 'ren', 'ça']",nome feminino,"['ke', 'ɾˈẽ', 'sɐ']",2
querenciar,"['que', 'ren', 'ci', 'ar']",verbo,"['ke', 'ɾẽ', 'si', 'ˈa']",1
querer,"['que', 'rer']",nome masculino,"['ke', 'ɾˈe']",1
querer,"['que', 'rer']",verbo,"['ke', 'ɾˈe']",1
querida,"['que', 'ri', 'da']",nome feminino,"['ke', 'ɾˈi', 'dɐ']",2
querido,"['que', 'ri', 'do']",adjetivo,"['ke', 'ɾˈi', 'dʊ']",2
querido,"['que', 'ri', 'do']",nome masculino,"['ke', 'ɾˈi', 'dʊ']",2
quermesse,"['quer', 'mes', 'se']",nome feminino,"['keɦ', 'mˈɛ', 'sɪ']",2
querosene,"['que', 'ro', 'se', 'ne']",nome masculino,"['ke', 'ɾo', 'zˈɛ̃', 'nɪ']",2
querubim,"['que', 'ru', 'bim']",nome masculino,"['ke', 'ɾu', 'bˈĩ']",1
querubínico,"['que', 'ru', 'bí', 'ni', 'co']",adjetivo,"['ke', 'ɾu', 'bˈĩ', 'ni', 'kʊ']",3
quesito,"['que', 'si', 'to']",nome masculino,"['ke', 'zˈi', 'tʊ']",2
questão,"['ques', 'tão']",nome feminino,"['keʃ', 'tˈɐ̃w']",1
questionado,"['ques', 'ti', 'o', 'na', 'do']",adjetivo,"['keʃ', 'tʃjõ', 'nˈa', 'dʊ']",2
questionador,"['ques', 'ti', 'o', 'na', 'dor']",adjetivo,"['keʃ', 'tʃjõ', 'na', 'dˈo']",1
questionador,"['ques', 'ti', 'o', 'na', 'dor']",nome masculino,"['keʃ', 'tʃjõ', 'na', 'dˈo']",1
questionadora,"['ques', 'ti', 'o', 'na', 'do', 'ra']",nome feminino,"['keʃ', 'tʃjõ', 'na', 'dˈo', 'ɾɐ']",2
questionamento,"['ques', 'ti', 'o', 'na', 'men', 'to']",nome masculino,"['keʃ', 'tʃjõ', 'nã', 'mˈẽ', 'tʊ']",2
questionar,"['ques', 'ti', 'o', 'nar']",verbo,"['keʃ', 'tʃjõ', 'nˈa']",1
questionário,"['ques', 'ti', 'o', 'ná', 'ri', 'o']",nome masculino,"['keʃ', 'tʃjõ', 'nˈa', 'ɾjʊ']",3
questionável,"['ques', 'ti', 'o', 'ná', 'vel']",adjetivo,"['keʃ', 'tʃjõ', 'nˈa', 'vew']",2
questionavelmente,"['ques', 'ti', 'o', 'na', 'vel', 'men', 'te']",advérbio,"['keʃ', 'tʃjõ', 'na', 'vew', 'mˈẽ', 'tʃɪ']",2
questiúncula,"['ques', 'ti', 'ún', 'cu', 'la']",nome feminino,"['keʃ', 'tʃi', 'ˈũ', 'ku', 'lɐ']",3
questor,"['ques', 'tor']",nome masculino,"['keʃ', 'tˈo']",1
quetzal,"['quet', 'zal']",nome masculino,"['ke', 'tə', 'zˈaw']",1
quezilento,"['que', 'zi', 'len', 'to']",adjetivo,"['ke', 'zi', 'lˈẽ', 'tʊ']",2
quezília,"['que', 'zí', 'li', 'a']",nome feminino,"['ke', 'zˈi', 'ljɐ']",3
qui,['qui'],nome masculino,['kˈi'],1
quiabo,"['qui', 'a', 'bo']",nome masculino,"['ki', 'ˈa', 'bʊ']",2
quianda,"['qui', 'an', 'da']",nome feminino,"['ki', 'ˈɐ̃', 'dɐ']",2
quibala,"['qui', 'ba', 'la']",nome feminino,"['ki', 'bˈa', 'lɐ ou ki', 'bˈa', 'lɐ']",2
quibala,"['qui', 'ba', 'la']",adjetivo,"['ki', 'bˈa', 'lɐ']",2
quiçá,"['qui', 'çá']",advérbio,"['ki', 'sˈa']",1
quiche,"['qui', 'che']",nome masculino,"['kˈi', 'ʃɪ']",2
quíchua,"['quí', 'chu', 'a']",nome masculino,"['kˈi', 'ʃu', 'ɐ']",3
quíchua,"['quí', 'chu', 'a']",adjetivo,"['kˈi', 'ʃu', 'ɐ']",3
quíchua,"['quí', 'chu', 'a']",nome feminino,"['kˈi', 'ʃu', 'ɐ']",3
quico,"['qui', 'co']",nome masculino,"['kˈi', 'kʊ']",2
quicongo,"['qui', 'con', 'go']",nome masculino,"['ki', 'kˈõ', 'gʊ ou ki', 'kˈõ', 'gʊ']",2
quicongo,"['qui', 'con', 'go']",adjetivo,"['ki', 'kˈõ', 'gʊ']",2
quietação,"['qui', 'e', 'ta', 'ção']",nome feminino,"['ki', 'e', 'ta', 'sˈɐ̃w']",1
quietamente,"['qui', 'e', 'ta', 'men', 'te']",advérbio,"['ki', 'ɛ', 'tã', 'mˈẽ', 'tʃɪ']",2
quietar,"['qui', 'e', 'tar']",verbo,"['ki', 'e', 'tˈa']",1
quietismo,"['qui', 'e', 'tis', 'mo']",nome masculino,"['ki', 'e', 'tʃˈiʒ', 'mʊ']",2
quieto,"['qui', 'e', 'to']",adjetivo,"['ki', 'ˈɛ', 'tʊ']",2
quieto,"['qui', 'e', 'to']",nome masculino,"['ki', 'ˈɛ', 'tʊ']",2
quietude,"['qui', 'e', 'tu', 'de']",nome feminino,"['ki', 'e', 'tˈu', 'dʒɪ']",2
quilapanga,"['qui', 'la', 'pan', 'ga']",nome feminino,"['ki', 'la', 'pˈɐ̃', 'gɐ']",2
quilatar,"['qui', 'la', 'tar']",verbo,"['ki', 'la', 'tˈa']",1
quilate,"['qui', 'la', 'te']",nome masculino,"['ki', 'lˈa', 'tʃɪ']",2
quilha,"['qui', 'lha']",nome feminino,"['kˈi', 'ʎɐ']",2
quilhar,"['qui', 'lhar']",verbo,"['ki', 'ʎˈa']",1
quilo,"['qui', 'lo']",nome masculino,"['kˈi', 'lʊ']",2
quilocaloria,"['qui', 'lo', 'ca', 'lo', 'ri', 'a']",nome feminino,"['ki', 'lo', 'ka', 'lo', 'ɾˈi', 'ɐ']",2
quilograma,"['qui', 'lo', 'gra', 'ma']",nome masculino,"['ki', 'lo', 'gɾˈɐ̃', 'mɐ']",2
quilolitro,"['qui', 'lo', 'li', 'tro']",nome masculino,"['ki', 'lɔ', 'lˈi', 'tɾʊ']",2
quilombo,"['qui', 'lom', 'bo']",nome masculino,"['ki', 'lˈõ', 'bʊ']",2
quilometragem,"['qui', 'lo', 'me', 'tra', 'gem']",nome feminino,"['ki', 'lõ', 'me', 'tɾˈa', 'ʒẽj']",2
quilometrar,"['qui', 'lo', 'me', 'trar']",verbo,"['ki', 'lõ', 'me', 'tɾˈa']",1
quilometricamente,"['qui', 'lo', 'me', 'tri', 'ca', 'men', 'te']",advérbio,"['ki', 'lõ', 'mɛ', 'tɾi', 'kã', 'mˈẽ', 'tʃɪ']",2
quilométrico,"['qui', 'lo', 'mé', 'tri', 'co']",adjetivo,"['ki', 'lõ', 'mˈɛ', 'tɾi', 'kʊ']",3
quilómetro,"['qui', 'ló', 'me', 'tro']",nome masculino,"['ki', 'lˈɔ̃', 'me', 'tɾʊ']",3
quilotonelada,"['qui', 'lo', 'to', 'ne', 'la', 'da']",nome feminino,"['ki', 'lɔ', 'tõ', 'ne', 'lˈa', 'dɐ']",2
quilovátio,"['qui', 'lo', 'vá', 'ti', 'o']",nome masculino,"['ki', 'lɔ', 'vˈa', 'tʃjʊ']",3
quilowatt,"['qui', 'lo', 'watt']",nome masculino,"['ki', 'lˈo', 'wat']",2
quimbo,"['quim', 'bo']",nome masculino,"['kˈĩ', 'bʊ']",2
quimbundo,"['quim', 'bun', 'do']",nome masculino,"['kĩ', 'bˈũ', 'dʊ']",2
quimera,"['qui', 'me', 'ra']",nome feminino,"['kĩ', 'mˈɛ', 'ɾɐ']",2
quimericamente,"['qui', 'me', 'ri', 'ca', 'men', 'te']",advérbio,"['kĩ', 'mɛ', 'ɾi', 'kã', 'mˈẽ', 'tʃɪ']",2
quimérico,"['qui', 'mé', 'ri', 'co']",adjetivo,"['kĩ', 'mˈɛ', 'ɾi', 'kʊ']",3
química,"['quí', 'mi', 'ca']",nome feminino,"['kˈĩ', 'mi', 'kɐ']",3
quimicamente,"['qui', 'mi', 'ca', 'men', 'te']",advérbio,"['kĩ', 'mi', 'kã', 'mˈẽ', 'tʃɪ']",2
químico,"['quí', 'mi', 'co']",nome masculino,"['kˈĩ', 'mi', 'kʊ']",3
químico,"['quí', 'mi', 'co']",adjetivo,"['kˈĩ', 'mi', 'kʊ']",3
quimioprofilaxia,"['qui', 'mi', 'o', 'pro', 'fi', 'la', 'xi', 'a']",nome feminino,"['kĩ', 'mjo', 'pɾɔ', 'fi', 'lak', 'sˈi', 'ɐ']",2
quimioterapia,"['qui', 'mi', 'o', 'te', 'ra', 'pi', 'a']",nome feminino,"['kĩ', 'mjo', 'te', 'ɾa', 'pˈi', 'ɐ']",2
quimioterápico,"['qui', 'mi', 'o', 'te', 'rá', 'pi', 'co']",adjetivo,"['kĩ', 'mjo', 'te', 'ɾˈa', 'pi', 'kʊ']",3
quimono,"['qui', 'mo', 'no']",nome masculino,"['kĩ', 'mˈõ', 'nʊ']",2
quina,"['qui', 'na']",nome feminino,"['kˈĩ', 'nɐ']",2
quinado,"['qui', 'na', 'do']",adjetivo,"['kĩ', 'nˈa', 'dʊ']",2
quinar,"['qui', 'nar']",verbo,"['kĩ', 'nˈa']",1
quinchoso,"['quin', 'cho', 'so']",nome masculino,"['kĩ', 'ʃˈo', 'zʊ']",2
quindim,"['quin', 'dim']",nome masculino,"['kĩ', 'dʒˈĩ']",1
quinguila,"['quin', 'gui', 'la']",nome feminino,"['kĩ', 'gˈi', 'lɐ']",2
quinhão,"['qui', 'nhão']",nome masculino,"['kĩ', 'ɲˈɐ̃w']",1
quinhenta,"['qui', 'nhen', 'ta']",nome feminino,"['kĩ', 'ɲˈẽ', 'tɐ']",2
quinhentismo,"['qui', 'nhen', 'tis', 'mo']",nome masculino,"['kĩ', 'ɲẽ', 'tʃˈiʒ', 'mʊ']",2
quinhentista,"['qui', 'nhen', 'tis', 'ta']",adjetivo,"['kĩ', 'ɲẽ', 'tʃˈiʃ', 'tɐ']",2
quinhentista,"['qui', 'nhen', 'tis', 'ta']",nome masculino,"['kĩ', 'ɲẽ', 'tʃˈiʃ', 'tɐ']",2
quinhentista,"['qui', 'nhen', 'tis', 'ta']",nome feminino,"['kĩ', 'ɲẽ', 'tʃˈiʃ', 'tɐ']",2
quinhentos,"['qui', 'nhen', 'tos']",nome masculino,"['kĩ', 'ɲˈẽ', 'tʊʃ']",2
quinhentos,"['qui', 'nhen', 'tos']",número,"['kĩ', 'ɲˈẽ', 'tʊʃ']",2
quinino,"['qui', 'ni', 'no']",nome masculino,"['kĩ', 'nˈĩ', 'nʊ']",2
quino,"['qui', 'no']",nome masculino,"['kˈĩ', 'nʊ']",2
quinquagenária,"['quin', 'qua', 'ge', 'ná', 'ri', 'a']",nome feminino,"['kĩ', 'kwa', 'ʒẽ', 'nˈa', 'ɾjɐ']",3
quinquagenário,"['quin', 'qua', 'ge', 'ná', 'ri', 'o']",adjetivo,"['kĩ', 'kwa', 'ʒẽ', 'nˈa', 'ɾjʊ']",3
quinquagenário,"['quin', 'qua', 'ge', 'ná', 'ri', 'o']",nome masculino,"['kĩ', 'kwa', 'ʒẽ', 'nˈa', 'ɾjʊ']",3
quinquagésima,"['quin', 'qua', 'gé', 'si', 'ma']",nome feminino,"['kĩ', 'kwa', 'ʒˈɛ', 'zĩ', 'mɐ']",3
quinquagésimo,"['quin', 'qua', 'gé', 'si', 'mo']",nome masculino,"['kĩ', 'kwa', 'ʒˈɛ', 'zĩ', 'mʊ']",3
quinquagésimo,"['quin', 'qua', 'gé', 'si', 'mo']",número,"['kĩ', 'kwa', 'ʒˈɛ', 'zĩ', 'mʊ ou kĩ', 'kwa', 'ʒˈɛ', 'zĩ', 'mʊ']",3
quinquenal,"['quin', 'que', 'nal']",adjetivo,"['kĩ', 'kẽ', 'nˈaw']",1
quinquenal,"['quin', 'que', 'nal']",nome masculino,"['kĩ', 'kẽ', 'nˈaw']",1
quinquenalmente,"['quin', 'que', 'nal', 'men', 'te']",advérbio,"['kĩ', 'kẽ', 'naw', 'mˈẽ', 'tʃɪ']",2
quinquénio,"['quin', 'qué', 'ni', 'o']",nome masculino,"['kĩ', 'kˈɛ̃', 'njʊ']",3
quinquilharia,"['quin', 'qui', 'lha', 'ri', 'a']",nome feminino,"['kĩ', 'ki', 'ʎa', 'ɾˈi', 'ɐ']",2
quinta,"['quin', 'ta']",nome feminino,"['kˈĩ', 'tɐ']",2
quintã,"['quin', 'tã']",nome feminino,"['kĩ', 'tˈɐ̃']",1
quintã,"['quin', 'tã']",adjetivo,"['kĩ', 'tˈɐ̃']",1
quinta-coluna,"['quin', 'ta', 'co', 'lu', 'na']",nome feminino,"['kˌĩ', 'tɐ', 'ko', 'lˈũ', 'nɐ']",2
quinta-essência,"['quin', 'ta', 'es', 'sên', 'ci', 'a']",nome feminino,"['kˌĩ', 'tɐ', 'e', 'sˈẽ', 'sjɐ']",3
quinta-feira,"['quin', 'ta', 'fei', 'ra']",nome feminino,"['kˌĩ', 'tɐ', 'fˈej', 'ɾɐ']",2
quintal,"['quin', 'tal']",nome masculino,"['kĩ', 'tˈaw']",1
quintalão,"['quin', 'ta', 'lão']",nome masculino,"['kĩ', 'ta', 'lˈɐ̃w']",1
quintanista,"['quin', 'ta', 'nis', 'ta']",nome masculino,"['kĩ', 'tã', 'nˈiʃ', 'tɐ ou kĩ', 'tã', 'nˈiʃ', 'tɐ']",2
quintanista,"['quin', 'ta', 'nis', 'ta']",adjetivo,"['kĩ', 'tã', 'nˈiʃ', 'tɐ']",2
quintano,"['quin', 'ta', 'no']",adjetivo,"['kĩ', 'tˈɐ̃', 'nʊ']",2
quintão,"['quin', 'tão']",adjetivo,"['kĩ', 'tˈɐ̃w']",1
quintão,"['quin', 'tão']",nome masculino,"['kĩ', 'tˈɐ̃w']",1
quintar,"['quin', 'tar']",verbo,"['kĩ', 'tˈa']",1
quintarola,"['quin', 'ta', 'ro', 'la']",nome feminino,"['kĩ', 'ta', 'ɾˈɔ', 'lɐ']",2
quinteiro,"['quin', 'tei', 'ro']",nome masculino,"['kĩ', 'tˈej', 'ɾʊ']",2
quinteto,"['quin', 'te', 'to']",nome masculino,"['kĩ', 'tˈe', 'tʊ']",2
quintiliano,"['quin', 'ti', 'li', 'a', 'no']",adjetivo,"['kĩ', 'tʃi', 'li', 'ˈɐ̃', 'nʊ']",2
quinto,"['quin', 'to']",número,"['kˈĩ', 'tʊ']",2
quinto,"['quin', 'to']",número,"['kˈĩ', 'tʊ']",2
quinto,"['quin', 'to']",nome masculino,"['kˈĩ', 'tʊ']",2
quintuplicação,"['quin', 'tu', 'pli', 'ca', 'ção']",nome feminino,"['kĩ', 'tu', 'pli', 'ka', 'sˈɐ̃w']",1
quintuplicar,"['quin', 'tu', 'pli', 'car']",verbo,"['kĩ', 'tu', 'pli', 'kˈa']",1
quíntuplo,"['quín', 'tu', 'plo']",nome masculino,"['kˈĩ', 'tu', 'plʊ']",3
quíntuplo,"['quín', 'tu', 'plo']",adjetivo,"['kˈĩ', 'tu', 'plʊ']",3
quíntuplo,"['quín', 'tu', 'plo']",número,"['kˈĩ', 'tu', 'plʊ']",3
quinze,"['quin', 'ze']",nome masculino,"['kˈĩ', 'zɪ']",2
quinze,"['quin', 'ze']",número,"['kˈĩ', 'zɪ']",2
quinzena,"['quin', 'ze', 'na']",nome feminino,"['kĩ', 'zˈẽ', 'nɐ']",2
quinzenal,"['quin', 'ze', 'nal']",adjetivo,"['kĩ', 'zẽ', 'nˈaw']",1
quinzenalmente,"['quin', 'ze', 'nal', 'men', 'te']",advérbio,"['kĩ', 'zẽ', 'naw', 'mˈẽ', 'tʃɪ']",2
quinzenário,"['quin', 'ze', 'ná', 'ri', 'o']",nome masculino,"['kĩ', 'zẽ', 'nˈa', 'ɾjʊ']",3
quioco,"['qui', 'o', 'co']",adjetivo,"['kjˈo', 'kʊ']",2
quioco,"['qui', 'o', 'co']",nome masculino,"['kjˈo', 'kʊ']",2
quiosque,"['qui', 'os', 'que']",nome masculino,"['kjˈɔʃ', 'kɪ']",2
quiproquó,"['qui', 'pro', 'quó']",nome masculino,"['kwi', 'pɾɔ', 'kwˈɔ']",1
quiral,"['qui', 'ral']",adjetivo,"['ki', 'ɾˈaw']",1
quiralidade,"['qui', 'ra', 'li', 'da', 'de']",nome feminino,"['ki', 'ɾa', 'li', 'dˈa', 'dʒɪ']",2
quirguiz,"['quir', 'guiz']",nome masculino,"['kiɦ', 'gwˈiʃ']",1
quirguiz,"['quir', 'guiz']",adjetivo,"['kiɦ', 'gwˈiʃ']",1
quirguiz,"['quir', 'guiz']",nome feminino,"['kiɦ', 'gwˈiʃ']",1
quiroga,"['qui', 'ro', 'ga']",nome feminino,"['ki', 'ɾˈɔ', 'gɐ']",2
quiromante,"['qui', 'ro', 'man', 'te']",nome masculino,"['ki', 'ɾõ', 'mˈɐ̃', 'tʃɪ']",2
quiromante,"['qui', 'ro', 'man', 'te']",nome feminino,"['ki', 'ɾõ', 'mˈɐ̃', 'tʃɪ']",2
quissange,"['quis', 'san', 'ge']",nome masculino,"['ki', 'sˈɐ̃', 'ʒɪ']",2
quisto,"['quis', 'to']",nome masculino,"['kˈiʃ', 'tʊ']",2
quisto,"['quis', 'to']",adjetivo,"['kˈiʃ', 'tʊ']",2
quita,"['qui', 'ta']",nome feminino,"['kˈi', 'tɐ']",2
quitação,"['qui', 'ta', 'ção']",nome feminino,"['ki', 'ta', 'sˈɐ̃w']",1
quitanda,"['qui', 'tan', 'da']",nome feminino,"['ki', 'tˈɐ̃', 'dɐ']",2
quitandar,"['qui', 'tan', 'dar']",verbo,"['ki', 'tɐ̃', 'dˈa']",1
quitar,"['qui', 'tar']",verbo,"['ki', 'tˈa']",1
quite,"['qui', 'te']",nome masculino,"['kˈi', 'tʃɪ']",2
quite,"['qui', 'te']",adjetivo,"['kˈi', 'tʃɪ']",2
quitemente,"['qui', 'te', 'men', 'te']",advérbio,"['ki', 'tẽ', 'mˈẽ', 'tʃɪ']",2
quitó,"['qui', 'tó']",nome masculino,"['ki', 'tˈɔ']",1
quito,"['qui', 'to']",nome masculino,"['kˈi', 'tʊ']",2
quivi,"['qui', 'vi']",nome masculino,"['ki', 'vˈi']",1
quixibá,"['qui', 'xi', 'bá']",nome masculino,"['ki', 'ʃi', 'bˈa']",1
quixotescamente,"['qui', 'xo', 'tes', 'ca', 'men', 'te']",advérbio,"['ki', 'ʃo', 'teʃ', 'kã', 'mˈẽ', 'tʃɪ']",2
quixotesco,"['qui', 'xo', 'tes', 'co']",adjetivo,"['ki', 'ʃo', 'tˈeʃ', 'kʊ']",2
quixotismo,"['qui', 'xo', 'tis', 'mo']",nome masculino,"['ki', 'ʃo', 'tʃˈiʒ', 'mʊ']",2
quizomba,"['qui', 'zom', 'ba']",nome feminino,"['ki', 'zˈõ', 'bɐ']",2
quizumba,"['qui', 'zum', 'ba']",nome feminino,"['ki', 'zˈũ', 'bɐ']",2
quociente,"['quo', 'ci', 'en', 'te']",nome masculino,"['kwo', 'si', 'ˈẽ', 'tʃɪ']",2
quórum,"['quó', 'rum']",nome masculino,"['kwˈɔ', 'ɾũ']",2
quota,"['quo', 'ta']",nome feminino,"['kˈo', 'tɐ']",2
quota-parte,"['quo', 'ta', 'par', 'te']",nome feminino,"['kˌo', 'tɐ', 'pˈah', 'tʃɪ']",2
quotidianamente,"['quo', 'ti', 'di', 'a', 'na', 'men', 'te']",advérbio,"['kwo', 'tʃi', 'dʒi', 'ã', 'nã', 'mˈẽ', 'tʃɪ']",2
quotidiano,"['quo', 'ti', 'di', 'a', 'no']",adjetivo,"['kwo', 'tʃi', 'dʒi', 'ˈɐ̃', 'nʊ']",2
quotidiano,"['quo', 'ti', 'di', 'a', 'no']",nome masculino,"['kwo', 'tʃi', 'dʒi', 'ˈɐ̃', 'nʊ']",2
quotização,"['quo', 'ti', 'za', 'ção']",nome feminino,"['ko', 'tʃi', 'za', 'sˈɐ̃w']",1
quotizar,"['quo', 'ti', 'zar']",verbo,"['ko', 'tʃi', 'zˈa']",1
